component,decomposition
⺶,⿱䒑𰀁
㐄,⿻十𠃋
㐆,⿸𠂆⿱
㐌,⿱𠂉也
㐫,⿱亠凶
㐬,⿱亠𠫝
㐭,⿱亠回
㐱,⿱𠆢彡
㒸,⿱丷豕
㒼,⿱廿⿻
㓁,⿱冖儿
㓞,⿰丰刀
㔾,⿺乚𠃌
㕚,⿰丶叉
㕛,友 |
㕡,⿰䜭又
㗊,⿱吅吅
㚇,⿱⿱凶
㚒,⿻大𠓜
㚘,⿰夫夫
㝁,⿱旬子
㝉,⿱宀一
㝴,⿺元寸
㝵,⿱旦寸
㞢,⿱屮一
㠩,⿱亾𫶧
㠯,⿰丨⿱
㡀,⿻丷⿻
㡭,⿱𢆸𢆸
㢆,廛 |
㣺,⿰忄丶
㥑,⿱⿳丆
㥯,⿱𤔌心
㦰,⿽戈从
㧜,⿰扌匝
㧟,⿰扌汇
㨨,⿰扌留
㩅,⿰扌畱
㩳,⿰扌雙
㬎,⿱日𢇁
㬰,日人,
㭎,⿰木冈
㲋,⿱𠮥比
㲎,⿰毛毛
㳄,⿰氵欠
㳟,⿱共氺
㳠,⿰氵达
㷉,⿰⿸尸
㸒,⿱爫壬
㸚,⿰爻爻
㹜,⿰犬犬
㼌,⿰瓜瓜
㽞,⿱吅田
㿟,⿰白白
㿽,⿱兮皿
䀠,⿰目目
䁖,⿰目娄
䂞,⿱石木
䋰,⿱具糸
䌷,⿰纟由
䍃,⿱爫缶
䏌,⿱八月
䏍,⿱厶月
䓖,⿱艹穷
䖝,⿱丿虫
䖭,⿱龹虫
䖵,⿰虫虫
䙲,⿱覀大
䙴,⿱䙲㔾
䚯,⿰訁刂
䜌,⿲糹言
䜣,⿰讠斤
䜩,⿰讠燕
䜭,⿱𣦵谷
䝼,⿰貝青
䞍,⿰贝青
䡛,⿰車車
䥇,⿰釒扇
䥺,⿰钅牙
䦂,⿰钅扇
䦃,⿰钅著
䦆,⿰钅矍
䦶,⿵门争
䧹,⿸广倠
䩗,⿰革月
䩭,⿰革奇
䩻,⿰革馬
䲆,⿰魚魚
䲟,⿰鱼印
䲠,⿰鱼春
䲡,⿰鱼酋
䲣,⿰⿸虍
䴓,⿰帀鸟
䴔,⿰交鸟
䴕,⿱列鸟
䴖,⿰青鸟
䴗,⿰狊鸟
䴘,⿰虒鸟
䴙,⿰辟鸟
䶮,⿱龙天
䶹,⿻凵丿
丁,⿱一亅
丂,⿱一㇉
丄,⿱丨一
丅,⿱一丨
万,⿸丆𠃌
丈,⿻𠂇㇏
上,⿱⺊一
下,⿱一卜
不,⿸丆⿰
与,⿹⿺㇉
丏,⿱一⿰
丐,⿱一⿺
丑,⿴ユ十
专,⿱⿻ㄣ
且,⿱⺝一
丕,⿱不一
世,⿻廿𠃊
丗,⿻廿丨
丘,⿱斤一
丙,⿱一内
丛,⿱从一
东,⿻⿻一
丝,⿱⿰⿱
丞,⿱氶一
丢,⿱㇒去
丣,⿱一⿲
两,⿱一⿻
严,⿳一⿶
並,⿱䒑业
丧,⿱⿻土
丩,⿰𠄌丨
个,⿱𠆢丨
丫,⿱丷丨
丬,⿰冫丨
中,⿻口丨
丮,⿹⺄𰀁
丰,⿻三丨
串,⿻吕丨
临,⿲丨丨
丵,⿱业𢆉
丸,⿻九丶
丹,⿻⺆亠
为,⿽⿵丶
主,⿱丶王
丽,⿱一⿰
举,⿱兴𰀁
乃,⿹㇡丿
久,⿸𠂊㇏
久,𠂊㇏ 
乇,⿱丿七
么,⿱丿厶
义,⿶乂丶
之,⿳丶㇇
乌,⿱丿⿹
乍,⿱𠂉⿰
乎,⿻𠂌丷
乏,⿱㇒之
乐,⿻⿱丿
乑,⿸⿹亻
乒,⿱丘丿
乓,⿱丘丶
乔,⿱夭⿰
乕,⿸𠂆⿻
乖,⿻千北
乘,⿻禾北
乜,⿻乛乚
乞,⿱𠂉乙
也,⿻乜丨
习,⿹𠃌冫
乡,⿳𠃋𠃋
书,⿺⿻⿱
乩,⿰占乚
买,⿱乛头
乱,⿰舌乚
乳,⿰孚乚
乾,⿰龺乞
亀,⿻龟日
予,⿱龴𠄐
争,⿱⺈⿻
事,⿻⿱𠮛
亍,⿱一丁
亏,⿱一丂
云,⿱二厶
互,⿱一彑
亓,⿱一丌
井,⿻一廾
亖,⿱二二
亖,二二,
亘,⿱一旦
亚,⿱一业
些,⿱此二
亟,⿱⿻了
亡,⿱亠𠃊
亢,⿱亠几
交,⿱亠父
亥,⿳亠𠂈
亦,⿱亠⿻
产,⿳亠丷
亨,⿳亠口
亩,⿱亠田
享,⿳亠口
京,⿳亠口
亭,⿱⿳亠
亮,⿳亠口
亯,⿳亠口
亲,⿱立朩
亳,⿱⿳亠
亵,⿳亠执
亶,⿱㐭旦
亼,⿱人一
亼,人一,
亾,⿺𠃊人
亿,⿰亻乙
什,⿰亻十
仁,⿰亻二
仂,⿰亻力
仃,⿰亻丁
仄,⿸厂人
仅,⿰亻又
仆,⿰亻卜
仇,⿰亻九
仉,⿰亻几
今,⿱亽㇇
介,⿱人⿰
仌,⿱人人
仍,⿰亻乃
从,⿰人人
仑,⿱人匕
仒,⿱𠆢⺀
仓,⿱人㔾
仔,⿰亻子
仕,⿰亻士
他,⿰亻也
仗,⿰亻丈
付,⿰亻寸
仙,⿰亻山
仝,⿱人工
仞,⿰亻刃
仟,⿰亻千
仡,⿰亻乞
代,⿰亻弋
令,⿱亽龴
以,⿲𠄌丶
仨,⿰亻三
仪,⿰亻义
仫,⿰亻么
们,⿰亻门
仰,⿰亻卬
仲,⿰亻中
仳,⿰亻比
仵,⿰亻午
件,⿰亻牛
价,⿰亻介
任,⿰亻壬
份,⿰亻分
仿,⿰亻方
企,⿱𠆢止
伉,⿰亻亢
伊,⿰亻尹
伍,⿰亻五
伎,⿰亻支
伏,⿰亻犬
伐,⿰亻戈
休,⿰亻木
众,⿱𠆢从
优,⿰亻尤
伙,⿰亻火
会,⿱人云
伛,⿰亻区
伞,⿱人⿻
伟,⿰亻韦
传,⿰亻专
伢,⿰亻牙
伤,⿰亻⿱
伥,⿰亻长
伦,⿰亻仑
伧,⿰亻仓
伪,⿰亻为
伫,⿰亻㝉
伯,⿰亻白
估,⿰亻古
伲,⿰亻尼
伴,⿰亻半
伶,⿰亻令
伸,⿰亻申
伺,⿰亻司
似,⿰亻以
伽,⿰亻加
佃,⿰亻田
但,⿰亻旦
位,⿰亻立
低,⿰亻氐
住,⿰亻主
佐,⿰亻左
佑,⿰亻右
体,⿰亻本
何,⿰亻可
佗,⿰亻它
佘,⿱人示
余,⿱亼朩
佚,⿰亻失
佛,⿰亻弗
作,⿰亻乍
佝,⿰亻句
佞,⿸仁女
佟,⿰亻冬
你,⿰亻尔
佣,⿰亻用
佤,⿰亻瓦
佥,⿳亼𭕄
佧,⿰亻卡
佩,⿰亻𫥞
佬,⿰亻老
佯,⿰亻羊
佰,⿰亻百
佳,⿰亻圭
佴,⿰亻耳
佶,⿰亻吉
佻,⿰亻兆
佼,⿰亻交
佾,⿰亻䏌
使,⿰亻吏
侃,⿰亻⿱
侄,⿰亻至
來,⿻木从
侈,⿰亻多
侉,⿰亻夸
例,⿰亻列
侌,⿱今云
侍,⿰亻寺
侏,⿰亻朱
侑,⿰亻有
侔,⿰亻牟
侖,⿱亼𠕁
侗,⿰亻同
供,⿰亻共
依,⿰亻衣
侠,⿰亻夹
侣,⿰亻吕
侥,⿰亻尧
侦,⿰亻贞
侧,⿰亻则
侨,⿰亻乔
侩,⿰亻会
侪,⿰亻齐
侬,⿰亻农
侮,⿰亻每
侯,⿰亻⿱
侵,⿰亻𠬶
便,⿰亻更
促,⿰亻足
俄,⿰亻我
俅,⿰亻求
俊,⿰亻夋
俎,⿰仌且
俏,⿰亻肖
俐,⿰亻利
俑,⿰亻甬
俗,⿰亻谷
俘,⿰亻孚
俚,⿰亻里
俜,⿰亻甹
保,⿰亻呆
俞,⿱亼刖
俟,⿰亻矣
信,⿰亻言
俣,⿰亻吴
俦,⿰亻寿
俨,⿰亻严
俩,⿰亻两
俪,⿰亻丽
俭,⿰亻佥
修,⿲亻丨
俯,⿰亻府
俱,⿰亻具
俳,⿰亻非
俸,⿰亻奉
俺,⿰亻奄
俾,⿰亻卑
倉,⿱亽⿸
倌,⿰亻官
倍,⿰亻咅
倏,⿲亻丨
倒,⿰亻到
倔,⿰亻屈
倘,⿰亻尚
候,⿰⿰亻
倚,⿰亻奇
倜,⿰亻周
借,⿰亻昔
倠,⿰亻隹
倡,⿰亻昌
倥,⿰亻空
倦,⿰亻卷
倨,⿰亻居
倩,⿰亻青
倪,⿰亻兒
倬,⿰亻卓
倭,⿰亻委
倮,⿰亻果
债,⿰亻责
值,⿰亻直
倾,⿰亻顷
偃,⿰亻匽
假,⿰亻叚
偈,⿰亻曷
偌,⿰亻若
偎,⿰亻畏
偏,⿰亻扁
偕,⿰亻皆
做,⿰亻故
停,⿰亻亭
健,⿰亻建
偬,⿰亻怱
偶,⿰亻禺
偷,⿰亻俞
偻,⿰亻娄
偾,⿰亻贲
偿,⿰亻尝
傀,⿰亻鬼
傅,⿰亻尃
傈,⿰亻栗
傍,⿰亻旁
傣,⿰亻泰
傥,⿰亻党
傧,⿰亻宾
储,⿰亻诸
傩,⿰亻难
催,⿰亻崔
傲,⿰亻敖
傺,⿰亻祭
傻,⿰亻𡕩
僉,⿳亼吅
像,⿰亻象
僕,⿰亻菐
僖,⿰亻喜
僚,⿰亻尞
僦,⿰亻就
僧,⿰亻曾
僬,⿰亻焦
僭,⿰亻朁
僮,⿰亻童
僳,⿰亻粟
僵,⿰亻畺
僻,⿰亻辟
儆,⿰亻敬
儇,⿰亻睘
儋,⿰亻詹
儒,⿰亻需
儡,⿰亻畾
兀,⿱一儿
允,⿱厶儿
元,⿱一兀
兄,⿱口儿
充,⿱𠫓儿
兆,⿻儿⿱
先,⿱𠂒儿
光,⿱⺌兀
兊,⿱公儿
克,⿱古儿
兌,⿱八兄
兑,⿱丷兄
兒,⿱臼儿
兓,⿰兂兂
兔,⿷免丶
兕,⿱凹儿
兖,⿱亠兊
党,⿱𫩠儿
兟,⿰先先
兢,⿰克克
內,⿻冂入
全,⿱人王
兩,⿻帀𠓜
公,⿱八厶
六,⿱亠八
兮,⿱八丂
兰,⿱丷三
共,⿱龷八
关,⿱丷天
兴,⿳𭕄一
兵,⿱丘八
其,⿴共𠄠
具,⿱⿴𠀃
典,⿱曲八
兹,⿱䒑𢆶
养,⿳䒑夫
兼,⿱䒑⿻
兽,⿱𬎿𠮛
冀,⿱北異
冁,⿰单展
冃,⿵冂二
冄,⿻冂二
内,⿻冂人
冈,⿴冂㐅
冉,⿻冂土
冊,⿻冂卄
冋,⿵冂口
册,⿻⿰冂
再,⿱一冉
冎,⿱⿵冂
冒,⿱日目
冓,⿱𠀎冉
冕,⿱冃免
冗,⿱冖几
冘,⿸⿻冖
写,⿱冖与
军,⿱冖车
农,⿻冖𧘇
冝,⿱冖且
冠,⿱冖㝴
冡,⿳冖一
冢,⿱冖豖
冤,⿱冖兔
冥,⿱冖昗
冬,⿱夂⺀
冯,⿰冫马
冰,⿰冫水
冱,⿰冫互
冲,⿰冫中
决,⿰冫夬
况,⿰冫兄
冶,⿰冫台
冷,⿰冫令
冼,⿰冫先
冽,⿰冫列
净,⿰冫争
凄,⿰冫妻
准,⿰冫隹
凇,⿰冫松
凉,⿰冫京
凋,⿰冫周
凌,⿰冫夌
减,⿰冫咸
凑,⿰冫奏
凛,⿰冫禀
凝,⿰冫疑
凡,⿵几丶
凤,⿵𠘨又
処,⿺夂几
凫,⿹㇯鸟
凭,⿱任几
凯,⿰岂几
凰,⿵𠘨皇
凳,⿱登几
凶,⿶凵㐅
凸,⿵⿰⿳
凹,⿶凵⿰
出,⿱屮凵
击,⿻二山
凼,⿶凵水
函,⿶凵⿻
凿,⿱业⿶
刁,⿹𠃌㇀
刄,⿻刀㇏
刅,⿰刃丶
分,⿱八刀
切,⿰七刀
刈,⿰乂刂
刊,⿰干刂
刍,⿱⺈𫜹
刎,⿰勿刂
刑,⿰开刂
划,⿰戈刂
刖,⿰月刂
列,⿰歹刂
刘,⿰文刂
则,⿰贝刂
刚,剛 |
创,⿰仓刂
删,⿰册刂
判,⿰半刂
別,⿰𠮠刂
刨,⿰包刂
利,⿰禾刂
别,⿰另刂
刭,⿰𢀖刂
刮,⿰舌刂
到,⿰至刂
刳,⿰夸刂
制,⿰⿻牛
刷,⿰𡰯刂
券,⿱龹刀
刹,⿰⿱㐅
刺,⿰朿刂
刻,⿰亥刂
刽,⿰会刂
刿,⿰岁刂
剀,⿰岂刂
剁,⿰朵刂
剂,⿰齐刂
剃,⿰弟刂
削,⿰肖刂
剌,⿰束刂
前,⿱䒑刖
剐,⿰呙刂
剑,⿰佥刂
剔,⿰易刂
剖,⿰咅刂
剛,⿰岡刂
剜,⿰宛刂
剞,⿰奇刂
剡,⿰炎刂
剥,⿰录刂
剧,⿰居刂
剩,⿰乘刂
剪,⿱前刀
副,⿰畐刂
割,⿰害刂
剽,⿰票刂
劁,⿰焦刂
劂,⿰厥刂
劈,⿱辟刀
劉,⿰𨥫刂
劐,⿰蒦刂
劓,⿰鼻刂
劝,⿰又力
办,⿻力八
功,⿰工力
加,⿰力口
加,力口 
务,⿱夂力
劢,⿰万力
劣,火竹大
劦,⿱力𠠴
动,⿰云力
助,⿰且力
努,⿱奴力
劫,⿰去力
劬,⿰句力
劭,⿰召力
励,⿰厉力
劲,⿰𢀖力
劳,⿱𫇦力
劵,⿱龹力
劾,⿰亥力
势,⿱执力
勃,⿰孛力
勅,⿰束力
勇,⿱甬力
勉,⿺免力
勋,⿰员力
勐,⿰孟力
勒,⿰革力
勖,⿰冒力
勘,⿰甚力
務,⿰矛务
勝,⿰月劵
勞,⿱𤇾力
募,⿱莫力
勤,⿰堇力
勰,⿰劦思
勺,⿹勹丶
勾,⿹勹厶
勿,⿹勹⿰
匀,⿹勹冫
匃,⿹勹亾
包,⿹勹巳
匆,⿻勿丶
匈,⿹勹凶
匊,⿹勹米
匋,⿹勹缶
匍,⿹勹甫
匏,⿰夸包
匐,⿹勹畐
化,⿰亻𠤎
匙,⿺是匕
匛,⿷匚久
匝,⿷匚巾
匠,⿷匚斤
匡,⿷匚王
匣,⿷匚甲
匦,⿷匚⿰
匪,⿷匚非
匮,⿷匚贵
匱,⿷匚貴
匸,⿱一𠃊
匹,⿷匚儿
区,⿷匚㐅
医,⿷匚矢
匽,⿷匚妟
匾,⿷匚扁
匿,⿷匸若
區,⿷匚品
卂,⿹⺄十
千,⿱丿十
卅,⿻川一
卆,⿱九十
升,⿱丿廾
午,⿱𠂉十
卉,⿱十廾
半,⿻丷𰀁
卌,⿻卄〢
华,⿱化十
协,⿰十办
卑,⿱⿻白
卒,⿱𠅃十
卓,⿱⺊早
单,⿱丷⿻
卖,⿱十买
南,⿱十⿵
単,⿱𭕄⿻
博,⿰十尃
卝,⿲一丨
卞,⿱亠卜
卟,⿰口卜
卡,⿱上卜
卢,⿱⺊尸
卣,鹵,y
卤,⿱⺊龱
卦,⿰圭卜
卧,⿰臣卜
卪,⿴卩丶
卫,⿻𠃌丄
卬,⿰⿱丿
卮,⿸𠂋㔾
卯,⿰𠂎卩
印,⿰𠀉卩
危,⿸厃㔾
即,⿰⿲𠄌
却,⿰去卩
卵,⿰𠂑卪
卷,⿱龹㔾
卸,⿰𦈢卩
卺,⿱丞㔾
卻,⿰谷卩
卿,⿰𠂎即
厃,⿱⺈厂
厄,⿸厂㔾
厅,⿸厂丁
历,⿸厂力
厉,⿸厂万
压,⿸厂圡
厌,⿸厂犬
厍,⿸厂车
厓,⿸厂圭
厕,⿸厂则
厘,⿸厂里
厚,⿸厂⿱
厝,⿸厂昔
原,⿸厂⿱
原,厂白小
厢,⿸厂相
厣,⿸厌甲
厤,⿸厂秝
厥,⿸厂欮
厦,⿸厂夏
厨,⿸厂𭔰
厩,⿸厂既
厭,⿸厂猒
厮,⿸厂斯
厲,⿸厂萬
厷,⿸𠂇厶
厸,⿰厶厶
去,⿱土厶
厽,⿱厶厸
县,⿱且厶
叁,⿳厶大
参,⿱⿱厶
參,⿱厽㐱
叉,⿴又丶
友,⿸𠂇又
双,⿰又又
反,⿸𠂆又
发,⿺⿸⿻
叒,⿱又双
叔,⿰尗又
叕,⿰㕛㕛
取,⿰耳又
受,⿳爫冖
变,⿱𰁜又
叙,⿰余又
叚,⿰⿸⿰
叛,⿰半反
叟,竹難中
叠,⿱叒冝
古,⿱十口
句,⿹勹口
另,⿱口力
叨,⿰口刀
叩,⿰口卩
只,⿱口八
叫,⿰口丩
召,⿱刀口
叭,⿰口八
叮,⿱口丁
可,⿹丁口
台,⿱厶口
叱,⿰口𠤎
史,⿻口乂
右,⿸𠂇口
叵,⿷匚口
叶,⿰口十
号,⿱口丂
司,⿹𠃌𠮛
司,𠃌𠮛 
叹,⿰口又
叻,⿰口力
叼,⿰口刁
叽,⿰口几
吁,⿰口于
吂,⿱亡口
吃,⿰口乞
各,⿱夂口
吅,⿰口口
吆,⿰口幺
合,⿱亼口
合,亼口 
吉,⿱士口
吊,⿱口巾
吋,⿰口寸
同,⿵冂𠮛
名,⿱夕口
后,⿸𠂋口
吏,⿻一史
吐,⿰口土
向,⿱丿冋
吒,⿰口乇
吓,⿰口下
吕,⿱口口
吖,⿰口丫
吗,⿰口马
君,⿸尹口
吝,⿱文口
吞,⿱天口
吟,⿰口今
吠,⿰口犬
吡,⿰口比
吣,⿰口心
否,⿱不口
吧,⿰口巴
吨,⿰口屯
吩,⿰口分
含,⿱今口
听,⿰口斤
吭,⿰口亢
吮,⿰口允
启,⿸户口
吱,⿰口支
吲,⿰口引
吳,⿺⿱𠃑
吴,⿱口天
吵,⿰口少
吸,⿰口及
吹,⿰口欠
吻,⿰口勿
吼,⿰口孔
吾,⿱五口
呀,⿰口牙
呂,⿳口丿
呃,⿰口厄
呆,⿱口木
呈,⿱口王
告,⿱𠂒口
呋,⿰口夫
呐,⿰口内
呒,⿰口无
呓,⿰口艺
呔,⿰口太
呕,⿰口区
呖,⿰口历
呗,⿰口贝
员,⿱口贝
呙,⿱口内
呛,⿰口仓
呜,⿰口乌
呢,⿰口尼
呤,⿰口令
呦,⿰口幼
周,⿵⺆𠮷
呱,⿰口瓜
呲,⿰口此
味,⿰口未
呶,⿰口奴
呷,⿰口甲
呸,⿰口丕
呻,⿰口申
呼,⿰口乎
命,⿱亼叩
咀,⿰口且
咂,⿰口匝
咄,⿰口出
咅,⿱立口
咆,⿰口包
咋,⿰口乍
和,⿰禾口
咎,⿱处口
咏,⿰口永
咐,⿰口付
咒,⿱吅几
咔,⿰口卡
咕,⿰口古
咖,⿰口加
咙,⿰口龙
咚,⿰口冬
咛,⿰口宁
咝,⿰口丝
咠,⿱口耳
咢,⿱吅亏
咣,⿰口光
咤,⿰口宅
咦,⿰口夷
咧,⿰口列
咨,⿱次口
咩,⿰口羊
咪,⿰口米
咫,⿺尺只
咬,⿰口交
咭,⿰口吉
咯,⿰口各
咱,⿰口自
咳,⿰口亥
咴,⿰口灰
咸,⿵戌口
咻,⿰口休
咼,⿵冎口
咽,⿰口因
咿,⿰口伊
哀,⿳亠口
品,⿱口吅
哂,⿰口西
哄,⿰口共
哆,⿰口多
哇,⿰口圭
哈,⿰口合
哉,⿹𢦏口
哌,⿰口𠂢
响,⿰口向
哎,⿰口艾
哏,⿰口艮
哐,⿰口匡
哑,⿰口亚
哒,⿰口达
哓,⿰口尧
哔,⿰口毕
哕,⿰口岁
哗,⿰口华
哙,⿰口会
哚,⿰口朵
哜,⿰口齐
哝,⿰口农
哞,⿰口牟
哟,⿰口约
員,⿱口貝
哥,⿱⿹丅
哦,⿰口我
哧,⿰口赤
哨,⿰口肖
哩,⿰口里
哪,⿰口那
哭,⿱吅犬
哮,⿰口孝
哲,⿱折口
哳,⿰口折
哺,⿰口甫
哼,⿰口亨
哽,⿰口更
哿,⿱加可
唁,⿰口言
唆,⿰口夋
唇,⿱辰口
唉,⿰口矣
唏,⿰口希
唐,⿸广⿱
唑,⿰口坐
唔,⿰口吾
唛,⿰口麦
唠,⿰口劳
唢,⿰口𭕆
唣,⿰口皂
唤,⿰口奂
唧,⿰口即
唪,⿰口奉
唬,⿰口虎
售,⿱隹口
唯,⿰口隹
唰,⿰口刷
唱,⿰口昌
唳,⿰口戾
唷,⿰口育
唼,⿰口妾
唾,⿰口垂
唿,⿰口忽
啁,⿰口周
啃,⿰口肯
啄,⿰口豖
啇,⿱⿱亠
啉,⿰口林
啊,⿰口阿
啐,⿰口卒
啕,⿰口匋
啖,⿰口炎
啚,⿳口十
啜,⿰口叕
啡,⿰口非
啤,⿰口卑
啥,⿰口舍
啦,⿰口拉
啧,⿰口责
啪,⿰口拍
啬,⿱⿻土
啭,⿰口转
啮,⿰口齿
啵,⿰口波
啶,⿰口定
啷,⿰口郎
啸,⿰口肃
啻,⿱帝口
啼,⿰口帝
啾,⿰口秋
喀,⿰口客
喁,⿰口禺
喂,⿰口畏
喃,⿰口南
善,⿻羊⿱
喇,⿰口剌
喈,⿰口皆
喉,⿰口侯
喊,⿰口咸
喋,⿰口枼
喏,⿰口若
喑,⿰口音
喔,⿰口屋
喘,⿰口耑
喙,⿰口彖
喜,⿱壴口
喝,⿰口曷
喟,⿰口胃
喧,⿰口宣
喬,⿱⿵夭
單,⿱吅⿻
喱,⿰口厘
喳,⿰口查
喵,⿰口苗
喷,⿰口贲
喹,⿰口奎
喻,⿰口俞
喽,⿰口娄
喾,⿱𰃮告
喿,⿱品木
嗄,⿰口夏
嗅,⿰口臭
嗇,⿱⿻土
嗉,⿰口素
嗌,⿰口益
嗍,⿰口朔
嗑,⿰口盍
嗒,⿰口荅
嗓,⿰口桑
嗔,⿰口真
嗖,⿰口叟
嗜,⿰口耆
嗝,⿰口鬲
嗟,⿰口差
嗡,⿰口翁
嗣,⿰⿱口
嗤,⿰口蚩
嗥,⿰口皋
嗦,⿰口索
嗨,⿰口海
嗪,⿰口秦
嗫,⿰口聂
嗬,⿰口荷
嗯,⿰口恩
嗲,⿰口爹
嗳,⿰口爱
嗵,⿰口通
嗷,⿰口敖
嗽,⿰口欶
嗾,⿰口族
嘀,⿰口啇
嘁,⿰口戚
嘈,⿰口曹
嘉,⿱壴加
嘌,⿰口票
嘎,⿰口戛
嘏,⿰古叚
嘘,⿰口虚
嘛,⿰口麻
嘞,⿰口勒
嘟,⿰口都
嘣,⿰口崩
嘤,⿰口婴
嘧,⿰口密
嘬,⿰口最
嘭,⿰口彭
嘱,⿰口属
嘲,⿰口朝
嘴,⿰口觜
嘶,⿰口斯
嘹,⿰口尞
嘻,⿰口喜
嘼,⿱㽞𠮛
嘿,⿰口黑
噌,⿰口曾
噍,⿰口焦
噎,⿰口壹
噔,⿰口登
噗,⿰口菐
噘,⿰口厥
噙,⿰口禽
噜,⿰口鲁
噢,⿰口奥
噤,⿰口禁
器,⿱哭吅
噩,⿻王㗊
噪,⿰口喿
噫,⿰口意
噬,⿰口筮
噱,⿰口豦
噶,⿰口葛
噻,⿰口塞
噼,⿰口辟
嚅,⿰口需
嚆,⿰口蒿
嚎,⿰口豪
嚏,⿰口疐
嚓,⿰口察
嚣,⿳吅页
嚴,⿱吅𠪚
嚷,⿰口襄
嚻,⿲吕頁
嚼,⿰口爵
囊,⿳⿳𰀉
囔,⿰口囊
囚,⿴囗人
囝,⿴囗子
回,⿴囗口
囟,⿱丿龱
因,⿴囗大
囡,⿴囗女
团,⿴囗才
囤,⿴囗屯
囫,⿴囗勿
园,⿴囗元
困,⿴囗木
囱,⿱丿⿴
围,⿴囗韦
囵,⿴囗仑
囷,⿴囗禾
囹,⿴囗令
固,⿴囗古
国,⿴囗玉
图,⿴囗冬
囿,⿴囗有
圂,⿴囗豕
圃,⿴囗甫
圄,⿴囗吾
圆,⿴囗员
圈,⿴囗卷
圉,⿴囗幸
圊,⿴囗青
國,⿴囗或
園,⿴囗袁
團,⿴囗專
圜,⿴囗睘
圡,⿷土丶
圣,⿱又土
圤,⿰土卜
在,⿸𠂇⿰
圩,⿰土于
圪,⿰土乞
圬,⿰土亏
圭,⿱土土
圮,⿰土己
圯,⿰土巳
地,⿰土也
圳,⿰土川
圹,⿰土广
场,⿰土𠃓
圻,⿰土斤
圼,⿱日土
圾,⿰土及
址,⿰土止
坂,⿰土反
均,⿰土匀
坊,⿰土方
坌,⿱分土
坍,⿰土丹
坎,⿰土欠
坏,⿰土不
坐,⿻土从
坑,⿰土亢
坒,⿱比土
块,⿰土夬
坚,⿱𰀡土
坛,⿰土云
坜,⿰土历
坝,⿰土贝
坞,⿰土乌
坟,⿰土文
坠,⿱队土
坡,⿰土皮
坤,⿰土申
坦,⿰土旦
坨,⿰土它
坩,⿰土甘
坪,⿰土平
坫,⿰土占
坭,⿰土尼
坯,⿰土丕
坳,⿰土幼
坴,⿳土八
坶,⿰土母
坷,⿰土可
坻,⿰土氐
坼,⿰土斥
垂,⿻⿱千
垃,⿰土立
垄,⿱龙土
垅,⿰土龙
垆,⿰土卢
型,⿱刑土
垌,⿰土同
垒,⿱厽土
垓,⿰土亥
垔,⿱覀土
垚,⿱土⿰
垛,⿰土朵
垠,⿰土艮
垡,⿱伐土
垢,⿰土后
垣,⿰土亘
垤,⿰土至
垦,⿱艮土
垧,⿰土向
垩,⿱亚土
垫,⿱执土
垭,⿰土亚
垮,⿰土夸
垲,⿰土岂
垴,⿰土㐫
垸,⿰土完
埂,⿰土更
埃,⿰土矣
埋,⿰土里
城,⿰土成
埏,⿰土延
埒,⿰土寽
埔,⿰土甫
埕,⿰土呈
埘,⿰土时
埙,塤 |
埚,⿰土呙
埝,⿰土念
域,⿰土或
埠,⿰土阜
埤,⿰土卑
埭,⿰土隶
埯,⿰土奄
埴,⿰土直
埶,⿰坴丸
執,⿰幸丸
埸,⿰土易
培,⿰土咅
基,⿱其土
埽,⿰土帚
堀,⿰土屈
堂,⿱𫩠土
堅,⿱臤土
堆,⿰土隹
堇,⿱廿⿻
堋,⿰土朋
堍,⿰土兔
堑,⿱斩土
堕,⿱陏土
堙,⿰土垔
堞,⿰土枼
堠,⿰土侯
堡,⿱保土
堤,⿰土是
堪,⿰土甚
堯,⿱垚兀
堰,⿰土匽
堵,⿰土者
塄,⿰土𬙙
塌,⿰土𦐇
塍,⿰月⿱
塑,⿱朔土
塔,⿰土荅
塘,⿰土唐
塞,⿱𡨄土
塤,⿰土員
塥,⿰土鬲
填,⿰土真
塬,⿰土原
塾,⿱孰土
墀,⿰土犀
墁,⿰土曼
境,⿰土竟
墅,⿱野土
墉,⿰土庸
墓,⿱莫土
墙,⿰土啬
墚,⿰土梁
增,⿰土曾
墟,⿰土虛
墨,⿱黑土
墩,⿰土敦
墼,⿱𣪠土
壁,⿱辟土
壅,⿱雍土
壑,⿱㕡土
壕,⿰土豪
壤,⿰土襄
士,⿱十一
壬,⿱丿士
壮,⿰丬士
壯,⿰爿士
声,⿱士𠃜
壳,⿱士冗
壴,⿱十豆
壶,⿳士冖
壹,⿳士冖
壽,⿳⿳士
夃,⿵乃又
处,⿺夂卜
夅,⿱夂㐄
夆,⿱夂丰
备,⿱夂田
夋,⿳厶八
夌,⿳土八
复,⿱𭥍夂
夏,⿱𦣻夂
夒,⿱⿳一
夔,⿱丷夒
外,⿰夕卜
夗,⿰夕㔾
夙,⿵几歹
多,⿱夕夕
夜,⿱亠⿰
够,⿰句多
夤,⿱夕寅
夥,⿰果多
天,⿱一大
太,⿵大丶
夫,⿻二人
夬,⿻𠃍大
夭,⿱丿大
央,⿻冂大
夯,⿱大力
失,⿰丿夫
夲,⿱大十
头,⿽⺀大
夷,⿻大弓
夸,⿱大亏
夹,⿻大䒑
夺,⿱大寸
夼,⿱大川
夾,⿻大从
奁,⿱大区
奂,⿳⺈冂
奄,⿱大电
奇,⿱大可
奈,⿱大示
奉,⿱𡗗𰀁
奋,⿱大田
奎,⿱大圭
奏,⿱𡗗天
契,⿱㓞大
奔,⿱大卉
奕,⿱亦大
奖,⿱⿰丬
套,⿱大镸
奘,⿱壯大
奚,⿱爫𡗞
奠,⿱酋大
奢,⿱大者
奥,⿱⿵⿱
奧,⿱⿵⿱
奴,⿰女又
奶,⿰女乃
奸,⿰女干
她,⿰女也
奻,⿰女女
好,⿰女子
妁,⿰女勺
如,⿰女口
妃,⿰女己
妄,⿱亡女
妆,⿰丬女
妇,⿰女𫜹
妈,⿰女马
妊,⿰女壬
妍,⿰女开
妒,⿰女户
妓,⿰女支
妖,⿰女夭
妗,⿰女今
妙,⿰女少
妞,⿰女丑
妟,⿱日女
妣,⿰女比
妤,⿰女予
妥,⿱爫女
妨,⿰女方
妩,⿰女无
妪,⿰女区
妫,⿰女为
妮,⿰女尼
妯,⿰女由
妲,⿰女旦
妹,⿰女未
妻,⿱⿻一
妾,⿱立女
姆,⿰女母
姊,⿰女𠂔
始,⿰女台
姐,⿰女且
姑,⿰女古
姒,⿰女以
姓,⿰女生
委,⿱禾女
姗,⿰女册
姘,⿰女并
姚,⿰女兆
姜,⿱𦍌女
姝,⿰女朱
姣,⿰女交
姥,⿰女老
姦,⿱女奻
姨,⿰女夷
姬,⿰女𦣞
姹,⿰女宅
姻,⿱女因
姿,⿱次女
威,⿵戌女
娃,⿰女圭
娄,⿱米女
娅,⿰女亚
娆,⿰女尧
娇,⿰女乔
娈,⿱𰁜女
娉,⿰女甹
娌,⿰女里
娑,⿱沙女
娓,⿰女尾
娘,⿰女良
娜,⿰女那
娟,⿰女肙
娠,⿰女辰
娣,⿰女弟
娥,⿰女我
娩,⿰女免
娱,⿰女吴
娲,⿰女呙
娴,⿰女闲
娶,⿱取女
娼,⿰女昌
婀,⿰女阿
婁,⿱⿻⿻
婆,⿱波女
婉,⿰女宛
婊,⿰女表
婕,⿰女疌
婚,⿰女昏
婢,⿰女卑
婧,⿰女青
婪,⿱林女
婴,⿱⿰贝
婵,⿰女单
婶,⿰女审
婷,⿰女亭
婺,⿱敄女
婿,⿰女胥
媒,⿰女某
媚,⿰女眉
媛,⿰女爰
媪,⿰女昷
媲,⿰女𣬉
媳,⿰女息
媵,⿰月⿱
媷,⿰女辱
媸,⿰女蚩
媾,⿰女冓
嫁,⿰女家
嫂,⿰女叟
嫉,⿰女疾
嫌,⿰女兼
嫒,⿰女爱
嫔,⿰女宾
嫖,⿰女票
嫘,⿰女累
嫜,⿰女章
嫠,⿸𠩺女
嫡,⿰女啇
嫣,⿰女焉
嫦,⿰女常
嫩,⿰女敕
嫫,⿰女莫
嫱,⿰女啬
嬉,⿰女喜
嬖,⿱辟女
嬗,⿰女亶
嬲,⿲男女
嬴,⿵𣎆女
嬷,⿰女麽
孀,⿰女霜
子,⿻了一
孑,⿻了㇀
孓,⿻了㇏
孔,⿰子乚
孕,⿱乃子
孖,⿰子子
字,⿱宀子
存,⿸𠂇⿰
孙,⿰子小
孚,⿱爫子
孛,⿱⿱十
孜,⿰子攵
孝,⿱耂子
孟,⿱子皿
孢,⿰子包
季,⿱禾子
孤,⿰子瓜
孥,⿱奴子
学,⿱𰃮子
孨,⿱子孖
孩,⿰子亥
孪,⿱𰁜子
孫,⿰子系
孬,⿱不好
孰,⿰享丸
孱,⿸尸孨
孳,⿱兹子
孵,⿰卵孚
孺,⿰子需
孽,⿱薛子
宀,⿱丶冖
宁,⿱宀丁
宂,⿱宀几
它,⿱宀匕
宄,⿱宀九
宇,⿱宀于
守,⿱宀寸
安,⿱宀女
宋,⿱宀木
完,⿱宀元
宏,⿱宀厷
宓,⿱宀必
宕,⿱宀石
宗,⿱宀示
官,⿱宀㠯
宙,⿱宀由
定,⿱宀𤴓
宛,⿱宀夗
宜,⿱宀且
宝,⿱宀玉
实,⿱宀头
宠,⿱宀龙
审,⿱宀申
客,⿱宀各
宣,⿱宀亘
室,⿱宀至
宥,⿱宀有
宦,⿱宀臣
宪,⿱宀先
宫,⿱宀吕
宰,⿱宀辛
害,⿳宀丰
宴,⿱宀妟
宵,⿱宀肖
家,⿱宀豕
宸,⿱宀辰
容,⿱宀谷
宽,⿱宀苋
宾,⿱宀兵
宿,⿱宀佰
寂,⿱宀叔
寄,⿱宀奇
寅,⿱宀⿳
密,⿱宓山
寇,⿱宀⿺
富,⿱宀畐
寍,⿳宀心
寐,⿱宀⿰
寒,⿱𡨄⺀
寓,⿱宀禺
寝,⿱宀⿰
寞,⿱宀莫
察,⿱宀祭
寡,⿳宀頁
寤,⿱宀𤕻
寥,⿱宀翏
寧,⿱寍丁
寨,⿱𡨄木
寫,⿱宀舄
寬,⿱宀萈
寮,⿱宀尞
寰,⿱宀睘
寶,⿱𡩧貝
寸,⿹𬺰丶
对,⿰又寸
寺,⿱土寸
寻,⿱𫜹寸
导,導 |
寽,⿱爫寸
寿,⿸⿻三
封,⿰圭寸
尃,⿱甫寸
射,⿰身寸
将,⿰丬𪧷
將,⿰爿⿱
專,⿳⿻一
尉,⿰⿸尸
尊,⿱酋寸
尋,⿳𫜹⿰
尌,⿰壴寸
導,⿱道寸
少,⿱𡭔丿
尒,𠆢小,
尔,⿱⺈小
尕,⿱乃小
尖,⿱⿻丨
尗,⿱上小
尘,⿱小土
尚,⿱⺌冋
尜,⿱尖小
尝,⿱龸云
尞,⿱昚小
尤,⿺尢丶
尥,⿺尢勺
尧,⿱𭠍兀
尨,⿺尤彡
尬,⿺尢介
就,⿰京尤
尴,⿺尢监
尹,⿻コ𠂇
尺,⿸尸㇏
尻,⿸尸九
尼,⿸尸匕
尽,⿵尺⺀
尾,⿸尸毛
尿,⿸尸水
局,⿸尸⿹
局,尸𠃌口
屁,⿸尸比
层,⿸尸云
居,⿸尸古
屈,⿸尸出
屉,⿸尸世
届,⿸尸由
屋,⿸尸至
屎,⿸尸米
屏,⿸尸并
屐,⿸尸𫹍
屑,⿸尸肖
展,⿸尸⿱
屙,⿸尸阿
屚,⿸尸雨
属,⿸尸禹
屠,⿸尸者
屡,⿸尸娄
屣,⿸尸徙
履,⿸尸復
屦,⿸尸⿰
屬,⿸尸⿱
屮,⿻凵丨
屯,⿻一𡳾
屯,一𡳾 
屰,⿱䒑屮
山,凵丨,
屵,⿱山厂
屹,⿰山乞
屺,⿰山己
屿,⿰山与
岁,⿱山夕
岂,⿱山己
岈,⿰山牙
岌,⿱山及
岍,⿰山开
岐,⿰山支
岑,⿱山今
岔,⿱分山
岖,⿰山区
岗,⿱山冈
岘,⿰山见
岙,⿱夭山
岚,⿱山风
岛,⿹㇯鸟
岜,⿱山巴
岡,⿵𦉰山
岢,⿱山可
岣,⿰山句
岩,⿱山石
岫,⿰山由
岬,⿰山甲
岭,⿰山令
岱,⿱代山
岳,⿱丘山
岵,⿰山古
岷,⿰山民
岸,⿸屵干
岽,⿱山东
岿,⿱山归
峁,⿱山卯
峄,⿰山𠬤
峋,⿰山旬
峒,⿰山同
峙,⿰山寺
峡,⿰山夹
峤,⿰山乔
峥,⿰山争
峦,⿱𰁜山
峨,⿰山我
峪,⿰山谷
峭,⿰山肖
峰,⿰山夆
峻,⿰山夋
崂,⿰山劳
崃,⿰山来
崆,⿰山空
崇,⿱山宗
崎,⿰山奇
崔,⿱山隹
崖,⿱山厓
崛,⿰山屈
崞,⿰山享
崤,⿰山肴
崦,⿰山奄
崧,⿱山松
崩,⿱山朋
崭,⿱山斩
崮,⿱山固
崴,⿱山威
崽,⿱山思
崾,⿰山要
嵇,⿰禾⿱
嵊,⿰山乘
嵋,⿰山眉
嵌,⿱山𣢟
嵒,⿱品山
嵘,⿰山荣
嵛,⿱山俞
嵝,⿰山娄
嵩,⿱山高
嵫,⿰山兹
嵬,⿱山鬼
嵯,⿰山差
嶂,⿰山章
嶙,⿰山粦
嶝,⿰山登
嶲,⿱山雋
嶷,⿱山疑
巅,⿱山颠
巍,⿱山魏
川,⿲丿丨
州,⿻⿲丿
巟,⿱亡𫶧
左,⿸𠂇工
巧,⿰工丂
巨,⿷工コ
巩,⿰工凡
巫,⿻工从
差,⿱𦍌⿰
巯,⿰𢀖㐬
己,⿳𠃍一
已,⿱匕𠃍
巳,⿺乚コ
巴,⿴巳丨
巷,⿱共巳
巽,⿱⿰巳
巾,⿻冂丨
巾,冂丨,
帀,一巾 
币,⿱丿巾
市,⿱丶帀
市,丶帀 
布,⿸𠂇巾
帅,⿰リ巾
帆,⿰巾凡
师,⿰刂帀
希,⿱㐅布
帏,⿰巾韦
帐,⿰巾长
帑,⿱奴巾
帔,⿰巾皮
帕,⿰巾白
帖,⿰巾占
帘,⿱穴巾
帙,⿰巾失
帚,⿳𫜹冖
帛,⿱白巾
帜,⿰巾只
帝,⿱⿳亠
带,⿳卅冖
帧,⿰巾贞
師,⿰𠂤帀
席,⿸广⿱
帮,⿱邦巾
帯,⿳丗冖
帱,⿰巾寿
帶,⿳⿻廿
帷,⿰巾隹
常,⿱𫩠巾
帻,⿰巾责
帼,⿰巾国
帽,⿰巾冒
幂,⿱𠖇巾
幄,⿰巾屋
幅,⿰巾畐
幌,⿰巾晃
幔,⿰巾曼
幕,⿱莫巾
幛,⿰巾章
幞,⿰巾菐
幡,⿰巾番
幢,⿰巾童
平,⿻干丷
年,⿱𠂉㐄
幵,⿰干干
并,⿱丷开
幷,⿱⿰丿
幸,⿱土𢆉
幹,⿰𠦝𫢉
幺,⿽𠃋厶
幻,⿰幺𠃌
幼,⿰幺力
幽,⿻山𢆶
幾,⿻⿻𢆶
广,⿱丶厂
庀,⿸广匕
庄,⿸广土
庆,⿸广大
庇,⿸广比
床,⿸广木
庋,⿸广支
序,⿸广予
庐,⿸广户
庑,⿸广无
库,⿸广车
应,⿸广⿱
底,⿸广氐
庖,⿸广包
店,⿸广占
庙,⿸广由
庚,⿸广⿻
府,⿸广付
庞,⿸广龙
废,⿸广发
庠,⿸广羊
庥,⿸广休
度,⿸广⿱
座,⿸广坐
庭,⿸广廷
庳,⿸广卑
庵,⿸广奄
庶,⿸广⿱
康,⿸广隶
庸,⿸广𬎾
庹,⿸广⿱
庾,⿸广臾
廉,⿸广兼
廊,⿸广郎
廌,⿸⿸广
廑,⿸广堇
廒,⿸广敖
廓,⿸广郭
廖,⿸广翏
廛,⿸广⿳
廣,⿸广黃
廨,⿸广解
廪,⿸广禀
延,⿺廴⿳
廷,⿺廴𡈼
建,⿺廴聿
廿,⿵卄一
开,⿱一廾
弁,⿱厶廾
异,⿱巳廾
弃,⿱𠫓廾
弄,⿱王廾
弈,⿱亦廾
弊,⿱敝廾
弍,⿹弋二
式,⿹弋工
弑,⿰杀式
弓,⿱コ㇉
弔,⿻弓丨
引,⿰弓丨
弗,⿻⿰丿
弘,⿰弓厶
弚,⿱丷弔
弛,⿰弓也
弟,⿹弚丿
张,⿰弓长
弥,⿰弓尔
弦,⿰弓玄
弧,⿰弓瓜
弩,⿱奴弓
弭,⿰弓耳
弯,⿱𰁜弓
弱,⿰⿹弓
弹,⿰弓单
强,⿰弓虽
弼,⿲弓百
彀,⿹𣪊弓
彐,⿼コ一
彑,⿱⿻𠃋
归,⿰リ𫜹
当,⿱⺌𫜹
彔,⿱彑氺
录,⿱彐氺
彖,⿱彑𧰨
彗,⿱⿰丰
彘,⿱彑⿲
彝,⿳彑⿰
形,⿰开彡
彤,⿰丹彡
彥,⿱文⿸
彦,⿸产彡
彩,⿰采彡
彪,⿺虎彡
彬,⿰林彡
彭,⿰壴彡
彰,⿰章彡
影,⿰景彡
彳,⿱丿亻
彳,丿亻 
彷,⿰彳方
役,⿰彳殳
彻,⿰彳切
彼,⿰彳皮
往,⿰彳主
征,⿰彳正
徂,⿰彳且
径,⿰彳𢀖
待,⿰彳寺
徇,⿰彳旬
很,⿰彳艮
徉,⿰彳羊
徊,⿰彳回
律,⿰彳聿
後,⿰彳⿱
徐,⿰彳余
徒,⿰彳走
徕,⿰彳来
得,⿰彳㝵
徘,⿰彳非
徙,⿰彳歨
徜,⿰彳尚
從,⿰彳⿱
御,⿰彳卸
徨,⿰彳皇
復,⿰彳复
循,⿰彳盾
徭,⿰彳䍃
微,⿰彳𢼸
微,彳𢼸 
徵,⿲彳⿳
德,⿰彳𢛳
徼,⿰彳敫
徽,⿲彳⿱
必,⿻心丿
忆,⿰忄乙
忉,⿰忄刀
忌,⿱己心
忍,⿱刃心
忏,⿰忄千
忐,⿱上心
忑,⿱下心
忒,⿹弋心
忖,⿰忄寸
志,⿱士心
忘,⿱亡心
忙,⿰忄亡
忝,⿱天㣺
忠,⿱中心
忡,⿰忄中
忤,⿰忄午
忧,⿰忄尤
忩,⿱公心
忪,⿰忄公
快,⿰忄夬
忭,⿰忄卞
忮,⿰忄支
忱,⿰忄冘
念,⿱今心
忸,⿰忄丑
忻,⿰忄斤
忽,⿱勿心
忾,⿰忄气
忿,⿱分心
怀,⿰忄不
态,⿱太心
怂,⿱从心
怃,⿰忄无
怄,⿰忄区
怅,⿰忄长
怆,⿰忄仓
怊,⿰忄召
怍,⿰忄乍
怎,⿱乍心
怏,⿰忄央
怒,⿱奴心
怔,⿰忄正
怕,⿰忄白
怖,⿰忄布
怙,⿰忄古
怛,⿰忄旦
怜,⿰忄令
思,⿱田心
怠,⿱台心
怡,⿰忄台
急,⿱刍心
怦,⿰忄平
性,⿰忄生
怨,⿱夗心
怩,⿰忄尼
怪,⿰忄圣
怫,⿰忄弗
怯,⿰忄去
怱,⿱匆心
怵,⿰忄朮
总,⿱丷𢗀
怼,⿱对心
怿,⿰忄𠬤
恁,⿱任心
恂,⿰忄旬
恃,⿰忄寺
恋,⿱𰁜心
恍,⿰忄光
恐,⿱⿰工
恒,⿰忄亘
恕,⿱如心
恙,⿱𦍌心
恚,⿱圭心
恝,⿱㓞心
恢,⿰忄灰
恣,⿱次心
恤,⿰忄血
恧,⿱而心
恨,⿰忄艮
恩,⿱因心
恪,⿰忄各
恫,⿰忄同
恬,⿰忄舌
恭,⿱共㣺
息,⿱自心
恰,⿰忄合
恳,⿱艮心
恶,⿱亚心
恸,⿰忄动
恹,⿰忄厌
恺,⿰忄岂
恻,⿰忄则
恼,⿰忄㐫
恽,⿰忄军
恿,⿱甬心
悃,⿰忄困
悄,⿰忄肖
悉,⿱釆心
悌,⿰忄弟
悍,⿰忄旱
悒,⿰忄邑
悔,⿰忄每
悖,⿰忄孛
悚,⿰忄束
悛,⿰忄夋
悝,⿰忄里
悟,⿰忄吾
悠,⿱攸心
患,⿱串心
悤,⿱囱心
悦,⿰忄兑
您,⿱你心
悫,⿳士冗
悬,⿳且厶
悭,⿰忄坚
悯,⿰忄闵
悱,⿰忄非
悲,⿱非心
悴,⿰忄卒
悸,⿰忄季
悻,⿰忄幸
悼,⿰忄卓
情,⿰忄青
惆,⿰忄周
惊,⿰忄京
惋,⿰忄宛
惑,⿱或心
惕,⿰忄易
惘,⿰忄罔
惚,⿰忄忽
惜,⿰忄昔
惝,⿰忄尚
惟,⿰忄隹
惠,⿳⿻一
惢,⿱心⿰
惦,⿰忄店
惧,⿰忄具
惨,⿰忄参
惩,⿱征心
惫,⿱夂思
惬,⿰忄⿷
惭,⿲忄车
惮,⿰忄单
惯,⿰忄贯
惰,⿰忄⿱
想,⿱相心
惴,⿰忄耑
惶,⿰忄皇
惹,⿱若心
惺,⿰忄星
愀,⿰忄秋
愁,⿱秋心
愆,⿱衍心
愈,⿱俞心
愉,⿰忄俞
愍,⿱敃心
愎,⿰忄复
意,⿱音心
愕,⿰忄咢
愚,⿱禺心
愛,⿳爫冖
感,⿱咸心
愠,⿰忄昷
愣,⿰忄𬙙
愤,⿰忄贲
愦,⿰忄贵
愧,⿰忄鬼
愫,⿰忄素
愿,⿸原心
慈,⿱兹心
慊,⿰忄兼
慌,⿰忄荒
慎,⿰忄真
慑,⿰忄聂
慕,⿱莫㣺
慝,⿱匿心
慢,⿰忄曼
慨,⿰忄既
慮,⿸虍思
慰,⿱尉心
慵,⿰忄庸
慷,⿰忄康
憂,⿱㥑夂
憋,⿱敝心
憎,⿰忄曾
憔,⿰忄焦
憝,⿱敦心
憧,⿰忄童
憨,⿱敢心
憩,⿱⿰舌
憬,⿰忄景
憷,⿰忄楚
憾,⿰忄感
懂,⿰忄董
懈,⿰忄解
應,⿸䧹心
懊,⿰忄奧
懋,⿱楙心
懑,⿱满心
懒,⿰忄赖
懔,⿰忄禀
懦,⿰忄需
懵,⿰忄瞢
懿,⿰壹恣
戆,⿱赣心
戉,⿰𠄌戈
戋,⿻戈一
戌,⿵戊一
戍,⿵戊丶
戎,⿹戈𠂇
戏,⿰又戈
成,⿵戊𠃌
戒,⿹戈廾
戔,⿱戈戈
戕,⿰爿戈
或,⿹戈⿱
戗,⿰仓戈
战,⿰占戈
戚,⿵戊尗
戛,⿱𦣻戈
戟,⿰𠦝戈
戠,⿰音戈
戡,⿰甚戈
戢,⿰咠戈
戤,⿰盈戈
戥,⿰星戈
截,⿹𢦏隹
戬,⿰晋戈
戮,⿰翏戈
戳,⿰翟戈
戴,⿹𢦏異
户,⿱丶尸
戹,⿸户乙
戽,⿸户斗
戾,⿸戶犬
房,⿸戶方
所,竹尸竹
扁,⿸戶冊
扃,⿸戶冋
扇,⿸戶羽
扈,⿸戶邑
扉,⿸户非
才,⿹𬺰丿
扎,⿰扌乚
扑,⿰扌卜
扒,⿰扌八
打,⿰扌丁
扔,⿰扌乃
托,⿰扌乇
扛,⿰扌工
扣,⿰扌口
扦,⿰扌千
执,⿰扌丸
扩,⿰扌广
扪,⿰扌门
扫,⿰扌𫜹
扬,⿰扌𠃓
扭,⿰扌丑
扮,⿰扌分
扯,⿰扌止
扰,⿰扌尤
扳,⿰扌反
扶,⿰扌夫
批,⿰扌比
扼,⿰扌厄
找,⿰扌戈
承,⿲㇇⿻
技,⿰扌支
抄,⿰扌少
抉,⿰扌夬
把,⿰扌巴
抑,⿰扌卬
抒,⿰扌予
抓,⿰扌爪
投,⿰扌殳
抖,⿰扌斗
抗,⿰扌亢
折,⿰扌斤
抚,⿰扌无
抛,⿰扌𠠵
抟,⿰扌专
抠,⿰扌区
抡,⿰扌仑
抢,⿰扌仓
护,⿰扌户
报,⿰扌𠬝
抨,⿰扌平
披,⿰扌皮
抬,⿰扌台
抱,⿰扌包
抵,⿰扌氐
抹,⿰扌末
抻,⿰扌申
押,⿰扌甲
抽,⿰扌由
抿,⿰扌民
拂,⿰扌弗
拄,⿰扌主
担,⿰扌旦
拆,⿰扌斥
拇,⿰扌母
拈,⿰扌占
拉,⿰扌立
拊,⿰扌付
拌,⿰扌半
拍,⿰扌白
拎,⿰扌令
拐,⿰扌另
拑,⿰扌甘
拒,⿰扌巨
拓,⿰扌石
拔,⿰扌犮
拖,⿰扌㐌
拗,⿰扌幼
拘,⿰扌句
拙,⿰扌出
拚,⿰扌弁
招,⿰扌召
拜,⿰龵⿱
拟,⿰扌以
拢,⿰扌龙
拣,⿰扌𫠣
拥,⿰扌用
拦,⿰扌兰
拧,⿰扌宁
拨,⿰扌发
择,⿰扌𠬤
括,⿰扌舌
拭,⿰扌式
拮,⿰扌吉
拯,⿰扌丞
拱,⿰扌共
拳,⿱龹手
拴,⿰扌全
拷,⿰扌考
拼,⿰扌并
拽,⿰扌曳
拾,⿰扌合
拿,⿱合手
持,⿰扌寺
挂,⿰扌圭
指,⿰扌旨
挈,⿱㓞手
按,⿰扌安
挎,⿰扌夸
挐,⿱如手
挑,⿰扌兆
挖,⿰扌穵
挚,⿱执手
挛,⿱𰁜手
挝,⿰扌过
挞,⿰扌达
挟,⿰扌夹
挠,⿰扌尧
挡,⿰扌当
挢,⿰扌乔
挣,⿰扌爭
挤,⿰扌齐
挥,⿰扌军
挨,⿰扌矣
挪,⿰扌那
挫,⿰扌坐
振,⿰扌辰
挲,⿱沙手
挹,⿰扌邑
挺,⿰扌廷
挽,⿰扌免
捂,⿰扌吾
捃,⿰扌君
捅,⿰扌甬
捆,⿰扌困
捉,⿰扌足
捋,⿰扌寽
捌,⿰扌别
捍,⿰扌旱
捎,⿰扌肖
捏,⿰扌圼
捐,⿰扌肙
捕,⿰扌甫
捞,⿰扌劳
损,⿰扌员
捡,⿰扌佥
换,⿰扌奂
捣,⿰扌岛
捧,⿰扌奉
捩,⿰扌戾
捭,⿰扌卑
据,⿰扌居
捱,⿰扌厓
捶,⿰扌垂
捷,⿰扌疌
捺,⿰扌奈
捻,⿰扌念
掀,⿰扌欣
掂,⿰扌店
掇,⿰扌叕
授,⿰扌受
掉,⿰扌卓
掊,⿰扌咅
掌,⿱𫩠手
掎,⿰扌奇
掏,⿰扌匋
掐,⿰扌臽
排,⿰扌非
掖,⿰扌夜
掘,⿰扌屈
掠,⿰扌京
探,⿰扌罙
掣,⿱制手
接,⿰扌妾
控,⿰扌空
推,⿰扌隹
掩,⿰扌奄
措,⿰扌昔
掬,⿰扌匊
掭,⿰扌忝
掮,⿰扌肩
掰,⿲手分
掳,⿰扌虏
掴,⿰扌国
掷,⿰扌郑
掸,⿰扌单
掺,⿰扌参
掼,⿰扌贯
掾,⿰扌彖
揄,⿰扌俞
揆,⿰扌癸
揉,⿰扌柔
揍,⿰扌奏
揎,⿰扌宣
描,⿰扌苗
提,⿰扌是
插,⿰扌臿
揖,⿰扌咠
揞,⿰扌音
揠,⿰扌匽
握,⿰扌屋
揣,⿰扌耑
揩,⿰扌皆
揪,⿰扌秋
揭,⿰扌曷
揲,⿰扌枼
援,⿰扌爰
揶,⿰扌耶
揸,⿰扌查
揽,⿰扌览
揿,⿰扌钦
搀,⿰扌𫥎
搁,⿰扌阁
搂,⿰扌娄
搅,⿰扌觉
搆,⿰扌冓
搋,⿰扌虒
搌,⿰扌展
搏,⿰扌尃
搐,⿰扌畜
搓,⿰扌差
搔,⿰扌蚤
搛,⿰扌兼
搜,⿰扌⿱
搞,⿰扌高
搠,⿰扌朔
搡,⿰扌桑
搦,⿰扌弱
搪,⿰扌唐
搬,⿰扌般
搭,⿰扌荅
搴,⿱𡨄手
携,⿰扌隽
搽,⿰扌茶
搿,⿲龵合
摁,⿰扌恩
摄,⿰扌聂
摅,⿰扌虑
摆,⿰扌罢
摇,⿰扌⿱
摈,⿰扌宾
摊,⿰扌难
摒,⿰扌屏
摔,⿰扌率
摘,⿰扌啇
摞,⿰扌累
摧,⿰扌崔
摩,⿸麻手
摭,⿰扌庶
摸,⿰扌莫
摹,⿱莫手
摺,⿰扌習
撂,⿰扌畧
撄,⿰扌婴
撅,⿰扌厥
撇,⿰扌敝
撑,⿰扌掌
撒,⿰扌散
撕,⿰扌斯
撙,⿰扌尊
撞,⿰扌童
撤,⿲扌育
撩,⿰扌尞
撬,⿰扌毳
播,⿰扌番
撮,⿰扌最
撰,⿰扌巽
撵,⿰扌辇
撷,⿰扌颉
撸,⿰扌鲁
撺,⿰扌窜
撼,⿰扌感
擀,⿰扌幹
擂,⿰扌雷
擅,⿰扌亶
擇,⿰扌睪
操,⿰扌喿
擎,⿱敬手
擐,⿰扌睘
擒,⿰扌禽
擗,⿰扌辟
擘,⿱辟手
擞,⿰扌数
擢,⿰扌翟
擤,⿰扌鼻
擦,⿰扌察
攀,⿱樊手
攒,⿰扌赞
攘,⿰扌襄
攥,⿰扌纂
攫,⿰扌矍
攮,⿰扌囊
支,⿱十又
攴,⿱⺊又
攵,⿱𠂉乂
攵,𠂉乂,
收,⿰丩攵
攸,⿲亻丨
攻,⿰工攵
放,⿰方攵
政,⿰正攵
敃,⿰民攵
敄,⿰矛攵
故,⿰古攵
敇,⿰朿攵
效,⿰交攵
敉,⿰米攵
敌,⿰舌攵
敏,⿰每攵
救,⿰求攵
敕,⿰束攵
敖,⿰⿱士
教,⿰孝攵
敛,⿰佥攵
敝,⿰㡀攵
敞,⿰尚攵
敢,⿰⿱乛
散,⿰⿱龷
敦,⿰享攵
敫,⿰⿱白
敬,⿰苟攵
数,⿰娄攵
敲,⿰高攴
整,⿱敕正
敷,⿰旉攵
數,⿰婁攵
敻,⿳⿱𠂊
文,⿱亠乂
文,亠乂 
斋,⿱文而
斌,⿰文武
斐,⿱非文
斑,⿲𤣩文
斓,⿰文阑
斗,⿽⿻㇀
料,⿰米斗
斛,⿰角斗
斜,⿰余斗
斟,⿰甚斗
斡,⿸龺⿱
斥,⿸斤丶
斦,⿰斤斤
斧,⿱父斤
斩,⿰车斤
斫,⿰石斤
斬,⿰車斤
断,⿰⿺𠃊
斯,⿰其斤
新,⿰亲斤
於,⿰方仒
施,⿸𭤨也
斿,⿸𭤨子
旁,⿱⿳亠
旃,⿸𭤨丹
旄,⿸𭤨毛
旅,⿸𭤨⿸
旆,⿸𭤨巿
旉,⿱甫方
旋,⿸𭤨疋
旌,⿸𭤨生
旎,⿸𭤨尼
族,⿸𭤨矢
旒,⿸𭤨㐬
旖,⿸𭤨奇
旗,⿸𭤨其
无,⿱一尢
旡,⿸⿻丆
既,⿰⿲𠄌
旦,⿱日一
旧,⿰丨日
旨,⿱匕日
早,⿱日十
旬,⿹勹日
旭,⿺九日
旮,⿱九日
旯,⿱日九
旰,⿰日干
旱,⿱日干
旲,⿱日大
时,⿰日寸
旷,⿰日广
旺,⿰日王
旻,⿱日文
昀,⿰日匀
昂,⿱日卬
昃,⿱日仄
昆,⿱日比
昊,⿱日天
昌,⿱日曰
昍,⿰日日
明,⿰日月
昏,⿱氏日
易,⿱日勿
昔,⿱龷日
昕,⿰日斤
昗,昃 |
昙,⿱日云
昚,⿱𡗜日
昜,⿱旦勿
昝,⿱处日
星,⿱日生
映,⿰日央
春,⿱𡗗日
昧,⿰日未
昨,⿰日乍
昫,⿰日句
昬,⿱民日
昭,⿰日召
昱,⿱日立
昴,⿱日卯
昵,⿰日尼
昶,⿺永日
昷,⿱日皿
昼,⿵尺旦
显,⿱日业
晁,⿱日兆
晃,⿱日光
晋,⿱亚日
晌,⿰日向
晏,⿱日安
晒,⿰日西
晓,⿰日尧
晔,⿰日华
晕,⿱日军
晖,⿰日军
晗,⿰日含
晚,⿰日免
晟,⿱日成
晡,⿰日甫
晤,⿰日吾
晦,⿰日每
晨,⿱日辰
普,⿱並日
景,⿱日京
晰,⿰日析
晴,⿰日青
晶,⿱日昍
晷,⿱日咎
智,⿱知日
晾,⿰日京
暂,⿱斩日
暄,⿰日宣
暇,⿰日叚
暌,⿰日癸
暑,⿱日者
暖,⿰日爰
暗,⿰日音
暝,⿰日冥
暧,⿰日爱
暨,⿱既旦
暮,⿱莫日
暴,⿱日㳟
暹,⿺辶⿱
暾,⿰日敦
曙,⿰日署
曜,⿰日翟
曝,⿰日暴
曦,⿰日羲
曩,⿱日襄
曲,⿻曰⿰
更,⿱一⿻
曷,⿱曰匃
曹,⿱⿻一
曼,⿳曰罒
曾,⿱丷𭥴
替,⿱㚘曰
最,⿱曰⿸
朁,⿱兓曰
會,⿱亼𭥴
朊,⿰月元
朋,⿰月月
服,⿰月𠬝
朐,⿰月句
朔,⿰屰月
朕,⿰月关
朗,⿰良月
望,⿱⿰亡
朝,⿰龺月
期,⿰其月
朦,⿰月蒙
朧,月龍 
本,⿻木一
札,⿰木乚
朮,⿺𣎳丶
术,⿺木丶
朱,⿰丿未
朴,⿰木卜
朵,⿱𠘧木
朶,⿱乃木
机,⿰木几
朽,⿰木丂
朿,⿻木冂
杀,⿱㐅朩
杂,⿱九朩
权,⿰木又
杆,⿰木干
杈,⿰木叉
杉,⿰木彡
杌,⿰木兀
李,⿱木子
杏,⿱木口
材,⿰木才
村,⿰木寸
杓,⿰木勺
杖,⿰木丈
杜,⿰木土
杞,⿰木己
束,⿻木口
束,木口 
杠,⿰木工
条,⿱夂朩
来,⿻未丷
杨,⿰木𠃓
杩,⿰木马
杪,⿰木少
杭,⿰木亢
杯,⿰木不
杰,⿱木灬
東,⿻木日
杲,⿱日木
杳,⿱木日
杵,⿰木午
杷,⿰木巴
杼,⿰木予
松,⿰木公
板,⿰木反
极,⿰木及
构,⿰木勾
枇,⿰木比
枉,⿰木王
枋,⿰木方
析,⿰木斤
枕,⿰木冘
林,⿰木木
枘,⿰木內
枚,⿰木攵
果,⿻日木
枝,⿰木支
枞,⿰木从
枢,⿰木区
枣,⿱朿⺀
枥,⿰木历
枧,⿰木见
枨,⿰木长
枪,⿰木仓
枫,⿰木风
枭,⿹㇯鸟
枯,⿰木古
枰,⿰木平
枳,⿰木只
枵,⿰木号
架,⿱加木
枷,⿰木加
枸,⿰木句
枼,⿱世木
柁,⿰木它
柃,⿰木令
柄,⿰木丙
柏,⿰木白
某,⿱甘木
柑,⿰木甘
柒,⿱⿰氵
染,⿱氿木
柔,⿱矛木
柘,⿰木石
柙,⿰木甲
柚,⿰木由
柜,⿰木巨
柝,⿰木斥
柞,⿰木乍
柠,⿰木宁
柢,⿰木氐
查,⿱木旦
柩,⿰木匛
柬,⿻束丷
柯,⿰木可
柰,⿱木示
柱,⿰木主
柳,⿰木卯
柴,⿱此木
柽,⿰木圣
柿,⿰木市
栀,⿰木卮
栅,⿰木册
标,⿰木示
栈,⿰木戋
栉,⿰木节
栊,⿰木龙
栋,⿰木东
栌,⿰木卢
栎,⿰木乐
栏,欄 |
树,⿰木对
栓,⿰木全
栗,⿱覀木
栝,⿰木舌
校,⿰木交
栩,⿰木羽
株,⿰木朱
样,⿰木羊
核,⿰木亥
根,⿰木艮
格,⿰木各
栾,⿱𰁜木
桀,⿱舛木
桁,⿰木行
桂,⿰木圭
桃,⿰木兆
桄,⿰木光
桅,⿰木危
框,⿰木匡
案,⿱安木
桉,⿰木安
桌,⿱⺊杲
桎,⿰木至
桐,⿰木同
桑,⿱叒木
桓,⿰木亘
桔,⿰木吉
桕,⿰木臼
桠,⿰木亚
桡,⿰木尧
桢,⿰木贞
档,⿰木当
桤,⿱木岂
桥,⿰木乔
桦,⿰木华
桧,⿰木会
桨,⿱⿰丬
桩,⿰木庄
桫,⿰木沙
桴,⿰木孚
桶,⿰木甬
桷,⿰木角
桼,⿱木⿱
梁,⿱⿰氵
梃,⿰木廷
梅,⿰木每
梆,⿰木邦
梏,⿰木告
梓,⿰木辛
梗,⿰木更
條,⿲亻丨
梟,⿹㇯鳥
梢,⿰木肖
梦,⿱林夕
梧,⿰木吾
梨,⿱利木
梭,⿰木夋
梯,⿰木弟
械,⿰木戒
梳,⿰木㐬
梵,⿱林凡
检,⿰木佥
棂,⿰木灵
棉,⿰木帛
棋,⿰木其
棍,⿰木昆
棒,⿰木奉
棕,⿰木宗
棘,⿰朿朿
棚,⿰木朋
棠,⿱𫩠木
棣,⿰木隶
棥,⿲木爻
森,⿱木林
棰,⿰木垂
棱,⿰木夌
棵,⿰木果
棹,⿰木卓
棺,⿰木官
棼,⿱林分
椁,⿰木享
椅,⿰木奇
椋,⿰木京
植,⿰木直
椎,⿰木隹
椐,⿰木居
椒,⿰木叔
椟,⿰木卖
椠,⿱斩木
椤,⿰木罗
椭,⿰木陏
椰,⿰木耶
椴,⿰木段
椹,⿰木甚
椽,⿰木彖
椿,⿰木春
楂,⿰木查
楔,⿰木契
楗,⿰木建
楙,⿴林矛
楚,⿱林疋
楝,⿰木柬
楞,⿰木𬙙
楠,⿰木南
楣,⿰木眉
楦,⿰木宣
楫,⿰木咠
楮,⿰木者
楱,⿰木奏
楷,⿰木皆
楸,⿰木秋
楹,⿰木盈
楼,⿰木娄
榀,⿰木品
概,⿰木既
榄,⿰木览
榆,⿰木俞
榇,⿰木亲
榈,⿰木闾
榉,⿰木举
榍,⿰木屑
榔,⿰木郎
榕,⿰木容
榘,⿱矩木
榛,⿰木秦
榜,⿰木旁
榧,⿰木匪
榨,⿰木窄
榫,⿰木隼
榭,⿰木射
榱,⿰木衰
榴,⿰木留
榷,⿰木隺
榻,⿰木𦐇
槀,⿱高木
槁,⿰木高
槊,⿱朔木
槌,⿰木追
槎,⿰木差
槐,⿰木鬼
槔,⿰木皋
槛,⿰木监
槟,⿰木宾
槠,⿰木诸
槭,⿰木戚
槲,⿰木斛
槽,⿰木曹
槿,⿰木堇
樂,⿱⿲幺
樊,⿱棥大
樘,⿰木堂
樟,⿰木章
模,⿰木莫
樨,⿰木犀
横,⿰木黄
樯,⿰木啬
樱,⿰木婴
樵,⿰木焦
樽,⿰木尊
樾,⿰木越
橄,⿰木敢
橇,⿰木毳
橐,⿳𰀉冖
橙,⿰木登
橛,⿰木厥
橡,⿰木象
橥,⿱猪木
橱,⿰木厨
橹,⿰木鲁
橼,⿰木缘
檀,⿰木亶
檄,⿰木敫
檎,⿰木禽
檐,⿰木詹
檑,⿰木雷
檗,⿱辟木
檠,⿱敬木
檩,⿰木禀
檫,⿰木察
檬,⿰木蒙
欄,⿰木闌
欠,⺈人,
欠,⿱⺈人
次,⿰冫欠
欢,⿰又欠
欣,⿰斤欠
欤,⿰与欠
欧,⿰区欠
欮,⿰屰欠
欲,⿰谷欠
欶,⿰束欠
欶,束欠 
欷,⿰希欠
欹,⿰奇欠
欺,⿰其欠
款,⿰⿱士
歃,⿰臿欠
歆,⿰音欠
歇,⿰曷欠
歉,⿰兼欠
歌,⿰哥欠
歙,⿰翕欠
正,⿱一止
此,⿰止匕
步,⿱止𣥂
武,⿹⿽弋
歧,⿰止支
歨,⿱止龰
歪,⿱不正
歮,⿱止𣥖
歯,⿱止⿶
歰,⿱⿰刃
歲,⿱止⿵
歷,⿸厤止
歹,⿱一夕
歺,歹 |
死,⿸歹匕
歼,⿰歹千
殁,⿰歹殳
殂,⿰歹且
殃,⿰歹央
殄,⿰歹㐱
殆,⿰歹台
殇,⿰歹⿱
殉,⿰歹旬
殊,⿰歹朱
残,⿰歹戋
殍,⿰歹孚
殒,⿰歹员
殓,⿰歹佥
殖,⿰歹直
殚,⿰歹单
殛,⿰歹亟
殡,⿰歹宾
殪,⿰歹壹
殴,⿰区殳
段,⿰⿰丨
殷,⿰㐆殳
殸,⿰声殳
殹,⿰医殳
殺,⿰⿱㐅
毁,⿰𬛸殳
毂,⿰⿳士
毅,⿰豙殳
毌,⿻⿻𠃋
每,⿱𠂉母
毒,⿱龶母
毓,⿰每㐬
毕,⿱比十
毖,⿱比必
毗,⿰田比
毙,⿱比死
毚,⿱㲋兔
毡,⿺毛占
毫,⿱⿳亠
毯,⿺毛炎
毳,⿱毛㲎
毵,⿰参毛
毹,⿰俞毛
毽,⿺毛建
氅,⿱敞毛
氆,⿺毛普
氇,⿺毛鲁
氍,⿰瞿毛
氐,⿱氏丶
民,⿸⿰𠄌
民,𠄌コ𫠠
氓,⿰亡民
氕,⿹气丿
氖,⿹气乃
氘,⿹气⿰
氙,⿹气山
氚,⿹气川
氛,⿹气分
氟,⿹气弗
氡,⿹气冬
氢,⿹气𢀖
氣,⿹气米
氤,⿹气因
氦,⿹气亥
氧,⿹气羊
氨,⿹气安
氩,⿹气亚
氪,⿹气克
氮,⿹气炎
氯,⿹气彔
氰,⿹气青
氲,⿹气昷
氶,⿱乛水
永,⿱丶⿲
氽,⿱𠆢水
氾,⿰氵㔾
氿,⿰氵九
汀,⿰氵丁
汁,⿰氵十
求,⿺⿻一
汆,⿱入水
汇,⿰氵匚
汉,⿰氵又
汊,⿰氵叉
汎,⿰氵凡
汐,⿰氵夕
汒,⿰氵亡
汔,⿰氵乞
汕,⿰氵山
汗,⿰氵干
汙,⿰氵于
汛,⿰氵卂
汜,⿰氵巳
汝,⿰氵女
汞,⿱工水
江,⿰氵工
池,⿰氵也
污,⿰氵亏
汤,⿰氵𠃓
汨,⿰氵日
汩,⿰氵曰
汪,⿰氵王
汰,⿰氵太
汲,⿰氵及
汴,⿰氵卞
汶,⿰氵文
汹,⿰氵凶
汽,⿰氵气
汾,⿰氵分
沁,⿰氵心
沂,⿰氵斤
沃,⿰氵夭
沅,⿰氵元
沆,⿰氵亢
沈,⿰氵冘
沉,⿰氵冗
沌,⿰氵屯
沏,⿰氵切
沐,⿰氵木
沓,⿱水曰
沔,⿰氵丏
沙,⿰氵少
沛,⿰氵巿
沝,⿰水水
沟,⿰氵勾
没,⿰氵殳
沣,⿰氵丰
沤,⿰氵区
沥,⿰氵历
沦,⿰氵仑
沧,⿰氵仓
沩,⿰氵为
沪,⿰氵户
沫,⿰氵末
沭,⿰氵术
沮,⿰氵且
沱,⿰氵它
沲,⿰氵㐌
河,⿰氵可
沸,⿰氵弗
油,⿰氵由
治,⿰氵台
沼,⿰氵召
沽,⿰氵古
沾,⿰氵占
沿,⿰氵⿱
泄,⿰氵世
泅,⿰氵囚
泉,⿱白水
泊,⿰氵白
泌,⿰氵必
泐,⿰氵阞
泓,⿰氵弘
泔,⿰氵甘
法,⿰氵去
泖,⿰氵卯
泗,⿰氵四
泙,⿰氵平
泛,⿰氵乏
泞,⿰氵宁
泠,⿰氵令
泡,⿰氵包
波,⿰氵皮
泣,⿰氵立
泥,⿰氵尼
注,⿰氵主
泪,⿰氵目
泫,⿰氵玄
泮,⿰氵半
泯,⿰氵民
泰,⿱𡗗氺
泱,⿰氵央
泳,⿰氵永
泵,⿱石水
泶,⿱𰃮水
泷,⿰氵龙
泸,⿰氵卢
泺,⿰氵乐
泻,⿰氵写
泼,⿰氵发
泽,⿰氵𠬤
泾,⿰氵𢀖
洁,⿰氵吉
洄,⿰氵回
洇,⿰氵因
洋,⿰氵羊
洌,⿰氵列
洎,⿰氵自
洒,⿰氵西
洗,⿰氵先
洙,⿰氵朱
洚,⿰氵夅
洛,⿰氵各
洞,⿰氵同
津,⿰氵聿
洧,⿰氵有
洪,⿰氵共
洫,⿰氵血
洮,⿰氵兆
洰,⿰氵巨
洱,⿰氵耳
洲,⿰氵州
洳,⿰氵如
洴,⿰氵并
洵,⿰氵旬
洹,⿰氵亘
活,⿰氵舌
洼,⿰氵圭
洽,⿰氵合
派,⿰氵𠂢
流,⿰氵㐬
浃,⿰氵夹
浅,⿰氵戋
浆,⿱⿰丬
浇,⿰氵尧
浊,⿰氵虫
测,⿰氵则
浍,⿰氵会
济,⿰氵齐
浏,⿰氵刘
浑,⿰氵军
浒,⿰氵许
浓,⿰氵农
浔,⿰氵寻
浙,⿰氵折
浚,⿰氵夋
浜,⿰氵兵
浞,⿰氵足
浠,⿰氵希
浣,⿰氵完
浦,⿰氵甫
浩,⿰氵告
浪,⿰氵良
浮,⿰氵孚
浯,⿰氵吾
浴,⿰氵谷
海,⿰氵每
浸,⿰氵𠬶
浼,⿰氵免
涂,⿰氵余
涅,⿰氵圼
消,⿰氵肖
涉,⿰氵步
涌,⿰氵甬
涎,⿰氵延
涑,⿰氵束
涓,⿰氵肙
涔,⿰氵岑
涕,⿰氵弟
涖,⿰氵位
涛,⿰氵寿
涝,⿰氵劳
涞,⿰氵来
涟,⿰氵连
涠,⿰氵围
涡,⿰氵呙
涣,⿰氵奂
涤,⿰氵条
润,⿰氵闰
涧,⿰氵间
涨,⿰氵张
涩,⿰氵⿱
涪,⿰氵咅
涫,⿰氵官
涮,⿰氵刷
涯,⿰氵厓
液,⿰氵夜
涵,⿰氵函
涸,⿰氵固
涿,⿰氵豖
淀,⿰氵定
淅,⿰氵析
淆,⿰氵肴
淇,⿰氵其
淋,⿰氵林
淌,⿰氵尚
淑,⿰氵叔
淖,⿰氵卓
淘,⿰氵匋
淙,⿰氵宗
淝,⿰氵肥
淞,⿰氵松
淠,⿰氵畀
淡,⿰氵炎
淤,⿰氵於
淦,⿰氵金
淫,⿰氵㸒
淬,⿰氵卒
淮,⿰氵隹
深,⿰氵罙
淳,⿰氵享
混,⿰氵昆
淹,⿰氵奄
添,⿰氵忝
淼,⿱水沝
清,⿰氵青
渊,⿰氵𫂱
渌,⿰氵录
渍,⿰氵责
渎,⿰氵卖
渐,⿰氵斩
渑,⿰氵黾
渔,⿰氵鱼
渖,⿰氵审
渗,⿰氵参
渚,⿰氵者
渝,⿰氵俞
渠,⿱洰木
渡,⿰氵度
渣,⿰氵查
渤,⿰氵勃
渥,⿰氵屋
温,⿰氵昷
渫,⿰氵枼
渭,⿰氵胃
港,⿰氵巷
渲,⿰氵宣
渴,⿰氵曷
游,⿰氵斿
渺,⿰氵眇
湃,⿰氵拜
湄,⿰氵眉
湍,⿰氵耑
湎,⿰氵面
湓,⿰氵盆
湔,⿰氵前
湖,⿰氵胡
湘,⿰氵相
湛,⿰氵甚
湟,⿰氵皇
湡,⿰氵禺
湫,⿰氵秋
湮,⿰氵垔
湯,⿰氵昜
湾,⿰氵弯
湿,⿰氵显
溃,⿰氵贵
溅,⿰氵贱
溆,⿰氵叙
溉,⿰氵既
溏,⿰氵唐
源,⿰氵原
溘,⿰氵盍
溜,⿰氵留
溟,⿰氵冥
溢,⿰氵益
溥,⿰氵尃
溧,⿰氵栗
溪,⿰氵奚
溫,⿰氵𥁕
溯,⿰氵朔
溱,⿰氵秦
溲,⿰氵叟
溴,⿰氵臭
溶,⿰氵容
溷,⿰氵圂
溺,⿰氵弱
溻,⿰氵𦐇
溽,⿰氵辱
滁,⿰氵除
滂,⿰氵旁
滇,⿰氵真
滈,⿰氵高
滋,⿰氵兹
滏,⿰氵釜
滑,⿰氵骨
滓,⿰氵宰
滔,⿰氵舀
滕,⿰月𣳾
滗,⿰氵笔
滚,⿰氵衮
滞,⿰氵帯
滟,⿰氵艳
滠,⿰氵聂
满,⿰氵𬜯
滢,⿰氵莹
滤,⿰氵虑
滥,⿰氵监
滦,⿰氵栾
滨,⿰氵宾
滩,⿰氵难
滴,⿰氵啇
滹,⿰氵虖
漂,⿰氵票
漆,⿰氵桼
漉,⿰氵鹿
漏,⿰氵屚
漓,⿰氵离
演,⿰氵寅
漕,⿰氵曹
漠,⿰氵莫
漤,⿰氵婪
漩,⿰氵旋
漪,⿰氵猗
漫,⿰氵曼
漭,⿰氵莽
漯,⿰氵累
漱,⿰氵欶
漳,⿰氵章
漶,⿰氵患
漸,⿰氵斬
漾,⿰氵羕
潆,⿰氵萦
潇,⿰氵萧
潋,⿰氵敛
潍,⿰氵维
潘,⿰氵番
潜,⿰氵替
潞,⿰氵路
潢,⿰氵黄
潦,⿰氵尞
潭,⿰氵覃
潮,⿰氵朝
潲,⿰氵稍
潴,⿰氵猪
潸,⿰氵⿱
潺,⿰氵孱
潼,⿰氵童
澄,⿰氵登
澈,⿰氵⿰
澉,⿰氵敢
澌,⿰氵斯
澍,⿰氵尌
澎,⿰氵彭
澜,⿰氵阑
澡,⿰氵喿
澧,⿰氵豊
澳,⿰氵奧
澶,⿰氵亶
澹,⿰氵詹
激,⿰氵敫
濂,⿰氵廉
濉,⿰氵睢
濑,⿰氵赖
濒,⿰氵频
濞,⿰氵鼻
濠,⿰氵豪
濡,⿰氵需
濮,⿰氵僕
濯,⿰氵翟
瀑,⿰氵暴
瀚,⿰氵翰
瀛,⿰氵嬴
瀣,⿰氵韰
瀸,⿰氵韱
瀹,⿰氵龠
灌,⿰氵雚
灏,⿰氵颢
灭,⿱一火
灯,⿰火丁
灰,⿸𠂇火
灵,⿱𫜹火
灶,⿰火土
灸,⿱久火
灼,⿰火勺
灿,⿰火山
炀,⿰火𠃓
炅,⿱日火
炉,⿰火户
炊,⿰火欠
炎,⿱火火
炏,⿰火火
炒,⿰火少
炔,⿰火夬
炕,⿰火亢
炖,⿰火屯
炙,⿱𱼀火
炜,⿰火韦
炝,⿰火仓
炫,⿰火玄
炬,⿰火巨
炭,⿱山⿸
炮,⿰火包
炯,⿰火冋
炱,⿱台火
炳,⿰火丙
炷,⿰火主
炸,⿰火乍
点,⿱占灬
炻,⿰火石
炼,⿰火𫠣
炽,⿰火只
烀,⿰火乎
烁,⿰火乐
烂,⿰火兰
烃,⿰火𢀖
烈,⿱列灬
烊,⿰火羊
烏,⿱丿⿹
烘,⿰火共
烙,⿰火各
烛,⿰火虫
烝,⿱丞灬
烟,⿰火因
烤,⿰火考
烦,⿰火页
烧,⿰火尧
烨,⿰火华
烩,⿰火会
烫,⿱汤火
烬,⿰火尽
热,⿱执灬
烯,⿰火希
烷,⿰火完
烹,⿱亨灬
烽,⿰火夆
焉,⿱正⿹
焊,⿰火旱
焐,⿰火吾
焓,⿰火含
焕,⿰火奂
焖,⿰火闷
焘,⿱寿灬
焙,⿰火咅
焚,⿱林火
無,⿱⿳𠂉
焦,⿱隹灬
焯,⿰火卓
焰,⿰火臽
焱,⿱火炏
然,⿱⿰𱼀
煅,⿰火段
煊,⿰火宣
煌,⿰火皇
煎,⿱前灬
煖,⿰火爰
煜,⿰火昱
煞,⿱⿰刍
煤,⿰火某
煦,⿱昫灬
照,⿱昭灬
煨,⿰火畏
煩,⿰火頁
煮,⿱者灬
煲,⿱保火
煳,⿰火胡
煸,⿰火扁
煺,⿰火退
煽,⿰火扇
熄,⿰火息
熊,⿱能灬
熒,⿱𤇾火
熔,⿰火容
熘,⿰火留
熙,⿱⿰𦣞
熟,⿱孰灬
熠,⿰火習
熨,⿱尉火
熬,⿱敖灬
熳,⿰火曼
熹,⿱喜灬
燃,⿰火然
燎,⿰火尞
燔,⿰火番
燕,⿳廿⿴
燠,⿰火奧
燥,⿰火喿
燧,⿰火遂
燮,⿱⿲火
燹,⿱豩火
爆,⿰火暴
爝,⿰火爵
爨,⿱⿱⿴
爪,⿸𠂆⿰
爫,⿱丿𭕄
爬,⿺爪巴
爭,⿱爫⿻
爯,⿱爫冉
爰,⿳爫一
爱,⿳爫冖
爲,⿱爫⿵
爵,⿳爫罒
父,⿱八乂
爷,⿱父𰆊
爸,⿱父巴
爹,⿱父多
爻,⿱㐅乂
爻,㐅乂,
爽,⿻大㸚
爾,⿱一⿱
版,⿰片反
牌,⿰片卑
牍,⿰片卖
牒,⿰片枼
牖,⿰片⿸
牙,⿹⿻𠃋
牜,⿻𠂉⿻
牝,⿰牛匕
牟,⿱厶牛
牡,⿰牛土
牢,⿱宀牛
牦,⿰牛毛
牧,⿰牜攵
物,⿰牜勿
牯,⿰牜古
牲,⿰牜生
牵,⿳大冖
特,⿰牛寺
牺,⿰牜西
牾,⿰牜吾
牿,⿰牜告
犀,⿸尸⿱
犁,⿱利牛
犄,⿰牜奇
犊,⿰牜卖
犋,⿰牜具
犍,⿰牜建
犏,⿰牜扁
犒,⿰牜高
犟,⿱强牛
犮,⿺友丶
犯,⿰犭㔾
犰,⿰犭九
犴,⿰犭干
状,⿰丬犬
犷,⿰犭广
犸,⿰犭马
犹,⿰犭尤
犾,⿰犭犬
狁,⿰犭允
狂,⿰犭王
狃,⿰犭丑
狄,⿰犭火
狈,⿰犭贝
狊,⿱目犬
狍,⿰犭包
狎,⿰犭甲
狐,⿰犭瓜
狒,⿰犭弗
狗,⿰犭句
狙,⿰犭且
狞,⿰犭宁
狠,⿰犭艮
狡,⿰犭交
狩,⿰犭守
独,⿰犭虫
狭,⿰犭夹
狮,⿰犭师
狯,⿰犭会
狰,⿰犭争
狱,⿲犭讠
狲,⿰犭孙
狳,⿰犭余
狴,⿰犭坒
狷,⿰犭肙
狸,⿰犭里
狺,⿰犭言
狻,⿰犭夌
狼,⿰犭良
猁,⿰犭利
猃,⿰犭佥
猊,⿰犭兒
猋,⿱犬㹜
猎,⿰犭昔
猒,⿰⿱日
猓,⿰犭果
猕,⿰犭弥
猖,⿰犭昌
猗,⿰犭奇
猛,⿰犭孟
猜,⿰犭青
猝,⿰犭卒
猞,⿰犭舍
猡,⿰犭罗
猢,⿰犭胡
猥,⿰犭畏
猩,⿰犭星
猪,⿰犭者
猫,⿰犭苗
猬,⿰犭胃
献,⿰南犬
猱,⿰犭柔
猴,⿰犭侯
猷,⿰酋犬
猸,⿰犭眉
猹,⿰犭查
猾,⿰犭骨
猿,⿰犭袁
獍,⿰犭竟
獐,⿰犭章
獒,⿱敖犬
獗,⿰犭厥
獠,⿰犭尞
獬,⿰犭解
獭,⿰犭赖
獻,⿰鬳犬
獾,⿰犭雚
玄,⿱亠幺
率,⿱⿻玄
玉,⿱一圡
玎,⿰𤣩丁
玑,⿰𤣩几
玖,⿰𤣩久
玛,⿰𤣩马
玟,⿰𤣩文
玢,⿰𤣩分
玨,⿰𤣩王
玩,⿰𤣩元
玫,⿰𤣩攵
玮,⿰𤣩韦
环,⿰𤣩不
现,⿰𤣩见
玲,⿰𤣩令
玳,⿰𤣩代
玷,⿰𤣩占
玺,⿱尔玉
玻,⿰𤣩皮
珀,⿰𤣩白
珂,⿰𤣩可
珈,⿰𤣩加
珉,⿰𤣩民
珊,⿰𤣩册
珍,⿰𤣩㐱
珏,⿰𤣩玉
珐,⿰𤣩去
珑,⿰𤣩龙
珙,⿰𤣩共
珞,⿰𤣩各
珠,⿰𤣩朱
珤,⿰𤣩缶
珥,⿰𤣩耳
珧,⿰𤣩兆
珩,⿰𤣩行
班,⿲𤣩刂
珲,⿰𤣩军
球,⿰𤣩求
琅,⿰𤣩良
理,⿰𤣩里
琉,⿰𤣩㐬
琊,⿰𤣩邪
琏,⿰𤣩连
琐,⿰𤣩𭕆
琚,⿰𤣩居
琛,⿰𤣩罙
琢,⿰𤣩豖
琥,⿰𤣩虎
琦,⿰𤣩奇
琨,⿰𤣩昆
琪,⿰𤣩其
琬,⿰𤣩宛
琮,⿰𤣩宗
琰,⿰𤣩炎
琳,⿰𤣩林
琴,⿱玨今
琵,⿱玨比
琶,⿱玨巴
琼,⿰𤣩京
瑁,⿰𤣩冒
瑕,⿰𤣩叚
瑗,⿰𤣩爰
瑚,⿰𤣩胡
瑛,⿰𤣩英
瑜,⿰𤣩俞
瑞,⿰𤣩耑
瑟,⿱玨必
瑭,⿰𤣩唐
瑰,⿰𤣩鬼
瑶,⿰𤣩⿱
瑷,⿰𤣩爱
瑾,⿰𤣩堇
璀,⿰𤣩崔
璁,⿰𤣩悤
璃,⿰𤣩离
璇,⿰𤣩旋
璋,⿰𤣩章
璎,⿰𤣩婴
璐,⿰𤣩路
璜,⿰𤣩黄
璞,⿰𤣩菐
璧,⿱辟玉
璨,⿰𤣩粲
璩,⿰𤣩豦
璺,⿳⿴𦥑
瓒,⿰𤣩赞
瓞,⿺瓜失
瓠,⿰夸瓜
瓢,⿰票瓜
瓣,⿲辛瓜
瓤,⿰襄瓜
瓮,⿱公瓦
瓯,⿰区瓦
瓴,⿰令瓦
瓶,⿰并瓦
瓷,⿱次瓦
瓿,⿰咅瓦
甄,⿰垔瓦
甍,⿱⿳艹
甏,⿱彭瓦
甑,⿰曾瓦
甓,⿱辟瓦
甘,⿻廿一
甙,⿹弋甘
甚,⿱⿴龷
甜,⿰舌甘
産,⿸产生
甤,⿺豕生
甥,⿰生男
用,⿵⺆𰀁
甩,⿻月乚
甫,⿻⿺十
甬,⿱龴用
甭,⿱不用
甯,⿳宀心
电,⿻日乚
甶,⿱丿田
男,⿱田力
甸,⿹勹田
甹,⿱由丂
町,⿰田丁
画,⿱一𰢵
畀,⿱田丌
畁,⿱由丌
畅,⿰申𠃓
畈,⿰田反
畋,⿰田攵
界,⿱田介
畎,⿰田犬
畏,⿳田一
畐,⿱𠮛田
畔,⿰田半
留,⿱⿰⿱
畚,⿱厶奋
畛,⿰田㐱
畜,⿱玄田
畟,⿳田八
畢,⿱田⿻
略,⿰田各
畦,⿰田圭
畧,⿱田各
番,⿱釆田
畫,⿱𦘒𱰥
異,⿱田共
畱,⿱丣田
畲,⿱佘田
畴,⿰田寿
當,⿱𫩠田
畸,⿰田奇
畹,⿰田宛
畺,⿱⿱一
畾,⿱田⿰
畿,⿹㇯幾
疃,⿰田童
疆,⿰⿹弓
疋,⿱乛龰
疌,⿻⿱一
疏,⿰𤴔㐬
疐,⿳⿱十
疑,⿰𠤕⿱
疔,⿸疒丁
疖,⿸疒𰆊
疗,⿸疒了
疙,⿸疒乞
疚,⿸疒久
疝,⿸疒山
疟,⿸疒𰀂
疠,⿸疒万
疡,⿸疒𠃓
疣,⿸疒尤
疤,⿸疒巴
疥,⿸疒介
疫,⿸疒殳
疬,⿸疒历
疮,⿸疒仓
疯,⿸疒风
疰,⿸疒主
疱,⿸疒包
疲,⿸疒皮
疳,⿸疒甘
疴,⿸疒可
疵,⿸疒此
疸,⿸疒旦
疹,⿸疒㐱
疼,⿸疒冬
疽,⿸疒且
疾,⿸疒矢
痂,⿸疒加
痃,⿸疒玄
痄,⿸疒乍
病,⿸疒丙
症,⿸疒正
痈,⿸疒用
痉,⿸疒𢀖
痊,⿸疒全
痍,⿸疒夷
痒,⿸疒羊
痔,⿸疒寺
痕,⿸疒艮
痖,⿸疒亚
痘,⿸疒豆
痛,⿸疒甬
痞,⿸疒否
痢,⿸疒利
痣,⿸疒志
痤,⿸疒坐
痦,⿸疒吾
痧,⿸疒沙
痨,⿸疒劳
痪,⿸疒奂
痫,⿸疒闲
痰,⿸疒炎
痱,⿸疒非
痴,⿸疒知
痹,⿸疒畀
痼,⿸疒固
痿,⿸疒委
瘀,⿸疒於
瘁,⿸疒卒
瘅,⿸疒单
瘊,⿸疒侯
瘌,⿸疒剌
瘐,⿸疒臾
瘕,⿸疒叚
瘗,⿸疒⿱
瘘,⿸疒娄
瘙,⿸疒蚤
瘛,⿸疒恝
瘟,⿸疒昷
瘢,⿸疒般
瘤,⿸疒留
瘥,⿸疒差
瘦,⿸疒叟
瘩,⿸疒荅
瘪,⿸疒⿱
瘫,⿸疒难
瘰,⿸疒累
瘳,⿸疒翏
瘴,⿸疒章
瘵,⿸疒祭
瘸,⿸疒𦙲
瘼,⿸疒莫
瘾,⿸疒隐
瘿,⿸疒婴
癀,⿸疒黄
癃,⿸疒隆
癌,⿸疒嵒
癍,⿸疒斑
癔,⿸疒意
癖,⿸疒辟
癞,⿸疒赖
癣,⿸疒鲜
癫,⿸疒颠
癯,⿸疒瞿
癸,⿱癶天
登,⿱癶豆
發,⿱癶𭚧
白,⿱丿日
白,丿日,
百,⿱一白
皂,⿱白七
皃,⿱白儿
的,⿰白勺
皅,⿰白巴
皆,⿱比白
皇,⿱白王
皈,⿰白反
皋,⿱白夲
皎,⿰白交
皑,⿰白岂
皓,⿰白告
皕,⿰百百
皖,⿰白完
皙,⿱析白
皛,⿱白㿟
皤,⿰白番
皱,⿰刍皮
皲,⿰军皮
皴,⿰夋皮
盂,⿱于皿
盅,⿱中皿
盆,⿱分皿
盇,⿱太皿
盈,⿱夃皿
益,⿳䒑八
盌,⿱夗皿
盍,⿱去皿
盎,⿱央皿
盏,⿱戋皿
盐,⿱圤皿
监,⿱𰀢皿
盒,⿱合皿
盓,⿱汙皿
盔,⿱灰皿
盕,⿱汎皿
盖,⿱𦍌皿
盗,⿱次皿
盘,⿱舟皿
盙,⿱甫皿
盛,⿱成皿
盜,⿱㳄皿
盝,⿱录皿
盞,⿱戔皿
盟,⿱明皿
盠,⿱彖皿
盡,⿱𭴘皿
監,⿱⿰臣
盤,⿱般皿
盥,⿱⿴𦥑
盦,⿱酓皿
盧,⿸虍⿱
盨,⿱須皿
盩,⿱𪯎皿
盪,⿱湯皿
盫,⿱𨠭皿
盬,⿱⿰臣
盯,⿰目丁
盱,⿰目于
盲,⿱亡目
盳,⿰目亡
直,⿱十⿴
相,⿰木目
盹,目屯 
盻,⿰目兮
盼,⿰目分
盽,⿰目丰
盾,⿸𠂆𥃭
盿,⿰目文
眀,⿰目月
省,⿱少目
眃,⿰目云
眄,⿰目丏
眅,⿰目反
眆,⿰目方
眇,⿰目少
眈,⿰目冘
眉,⿸𠃜目
眊,⿰目毛
看,⿸龵目
県,⿱⿺𠃊
眍,⿰目区
眎,⿰目示
眏,⿰目央
眔,⿱罒氺
眕,⿰目㐱
眖,⿰目兄
眙,⿰目台
眚,⿱生目
眜,⿰目末
眞,⿳匕⿺
真,⿱十具
眠,⿰目民
眢,⿱夗目
眣,⿰目失
眥,⿱此目
眦,⿰目此
眨,⿰目乏
眩,⿰目玄
眫,⿰目半
眬,⿰目龙
眭,⿰目圭
眮,⿰目同
眯,⿰目米
眰,⿰目至
眲,⿰目耳
眳,⿰目名
眵,⿰目多
眶,⿰目匡
眷,⿱龹目
眸,⿰目牟
眹,⿰目关
眺,⿰目兆
眼,⿰目艮
眾,⿱罒⿲
着,⿸⺶目
睁,⿰目争
睃,⿰目夋
睄,⿰目肖
睅,⿰目旱
睆,⿰目完
睇,⿰目弟
睉,⿰目坐
睊,⿰目肙
睋,⿰目我
睍,⿰目見
睎,⿰目希
睏,⿰目困
睐,⿰目来
睑,⿰目佥
睒,⿰目炎
睕,⿰目宛
睖,⿰目夌
睘,⿱⿱罒
睙,⿰目戾
睚,⿰目厓
睛,⿰目青
睞,⿰目來
睠,⿰目卷
睡,月山竹
睢,⿰目隹
督,⿱叔目
睥,⿰目卑
睦,⿰目坴
睧,⿰目昏
睨,⿰目兒
睩,⿰目录
睪,⿱罒幸
睫,⿰目疌
睬,⿰目采
睴,⿰目軍
睹,⿰目者
睺,⿰目侯
睽,⿰目癸
睾,⿱丿睪
睿,⿱𣦵⿳
瞀,⿱敄目
瞂,⿰盾犮
瞄,⿰目苗
瞅,⿰目秋
瞆,⿰目贵
瞇,⿰目迷
瞋,⿰目真
瞌,⿰目盍
瞍,⿰目叟
瞎,⿰目害
瞏,⿱罒袁
瞐,⿱目䀠
瞑,⿰目冥
瞒,⿰目𬜯
瞓,⿰目訓
瞕,⿰目章
瞜,⿰目婁
瞟,⿰目票
瞠,⿰目堂
瞡,⿰目規
瞢,⿱⿳艹
瞣,⿰目患
瞥,⿱敝目
瞧,⿰目焦
瞩,⿰目属
瞪,⿰目登
瞫,⿰目覃
瞬,⿰目舜
瞭,⿰目尞
瞰,⿰目敢
瞳,⿰目童
瞵,⿰目粦
瞷,⿰目間
瞻,⿰目詹
瞼,⿰目僉
瞽,⿱鼓目
瞿,⿱䀠隹
矀,⿰目微
矂,⿰目喿
矃,⿰目寧
矅,⿰目翟
矇,⿰目蒙
矊,⿰目綿
矍,⿱瞿又
矎,⿰目敻
矒,⿰目瞢
矔,⿰目雚
矗,⿱直⿰
矘,⿰目黨
矙,⿰目闞
矚,⿰目屬
矛,⿹予丿
矜,⿰矛今
矝,⿰矛令
矟,⿰矛肖
矡,⿰矛矍
矢,⿱𠂉大
矣,⿱厶矢
知,⿰矢口
矧,⿰矢引
矩,⿰矢巨
矫,⿰矢乔
矬,⿰矢坐
短,⿰矢豆
矮,⿰矢委
矯,⿰矢喬
矰,⿰矢曾
石,⿸丆口
矵,⿰石刂
矶,⿰石几
矸,⿰石干
矺,⿰石乇
矻,⿰石乞
矽,⿰石夕
矾,⿰石凡
矿,⿰石广
砀,⿰石𠃓
码,⿰石马
砂,⿰石少
砉,⿱丰石
砌,⿰石切
砍,⿰石欠
砏,⿰石分
砑,⿰石牙
砒,⿰石比
研,⿰石开
砖,⿰石专
砗,⿰石车
砘,⿰石屯
砚,⿰石见
砛,⿰石今
砜,⿰石风
砝,⿰石去
砟,⿰石乍
砢,⿰石可
砣,⿰石它
砤,⿰石㐌
砥,⿰石氐
砦,⿱此石
砧,⿰石占
砩,⿰石弗
砪,⿰石母
砫,⿰石主
砬,⿰石立
砭,⿰石乏
砮,⿱奴石
砰,⿰石平
砲,⿰石包
砳,⿰石石
破,⿰石皮
砷,⿰石申
砸,⿰石匝
砹,⿰石艾
砺,⿰石厉
砻,⿱龙石
砼,⿰石仝
砾,⿰石乐
础,⿰石出
硁,⿰石𢀖
硂,⿰石全
硃,⿰石朱
硄,⿰石光
硅,⿰石圭
硇,⿰石囟
硈,⿰石吉
硊,⿰石危
硌,⿰石各
硎,⿰石刑
硏,⿰石幵
硐,⿰石同
硒,⿰石西
硕,⿰石页
硖,⿰石夹
硗,⿰石尧
硙,⿰石岂
硚,⿰石乔
硝,⿰石肖
硟,⿰石延
硣,⿰石孝
硪,⿰石我
硫,⿰石㐬
硬,⿰石更
硭,⿰石芒
确,⿰石角
硱,⿰石困
硷,⿰石佥
硼,⿰石朋
硽,⿰石奄
碀,⿰石爭
碁,⿱其石
碃,⿰石青
碅,⿰石囷
碇,⿰石定
碉,⿰石周
碌,⿰石录
碍,⿰石㝵
碎,⿰石卒
碑,⿰石卑
碒,⿰石金
碓,⿰石隹
碔,⿰石武
碕,⿰石奇
碗,⿰石宛
碘,⿰石典
碚,⿰石咅
碛,⿰石责
碜,⿰石参
碟,⿰石枼
碠,⿰石亭
碡,⿰石毒
碣,⿰石曷
碥,⿰石扁
碦,⿰石客
碧,⿱珀石
碩,⿰石頁
碭,⿰石昜
碰,⿰石並
碱,⿰石咸
碲,⿰石帝
碳,⿰石炭
碴,⿰石查
碶,⿰石契
碸,⿰石風
確,⿰石隺
碻,⿰石高
碼,⿰石馬
碽,⿰石貢
碾,⿰石展
磁,⿰石兹
磃,⿰石虒
磄,⿰石唐
磅,⿰石旁
磈,⿰石鬼
磉,⿰石桑
磊,⿱石砳
磋,⿰石差
磐,⿱般石
磑,⿰石豈
磔,⿰石桀
磕,⿰石盍
磙,⿰石衮
磚,⿰石專
磜,⿰石祭
磞,⿰石崩
磡,⿰石勘
磣,⿰石參
磥,⿰石累
磦,⿰石票
磨,⿸麻石
磩,⿰石戚
磪,⿰石崔
磫,⿰石從
磬,⿱殸石
磭,⿰石脣
磯,⿰石幾
磲,⿰石渠
磳,⿰石曾
磴,⿰石登
磷,⿰石粦
磸,⿰石奠
磹,⿰石覃
磺,⿰石黄
磻,⿰石番
磽,⿰石堯
磾,⿰石單
磿,⿸厤石
礀,⿰石閒
礁,⿰石焦
礂,⿰石喜
礄,⿰石喬
礅,⿰石敦
礇,⿰石奧
礈,⿰石遂
礉,⿰石敫
礊,⿱𣪠石
礋,⿰石睪
礌,⿰石雷
礎,⿰石楚
礑,⿰石當
礒,⿰石義
礓,⿰石畺
礘,⿰石㬎
礙,⿰石疑
礜,⿱與石
礞,⿰石蒙
礡,⿰石蒪
礦,⿰石廣
礨,⿱畾石
礮,⿰石駮
礱,⿱龍石
礴,⿰石薄
礼,⿰礻乚
礽,⿰礻乃
社,⿰礻土
祀,⿰礻巳
祁,⿰礻阝
祂,⿰礻也
祃,⿰礻马
祅,⿰礻夭
祆,⿰礻天
祇,⿰礻氏
祈,⿰礻斤
祉,⿰礻止
祋,⿰礻殳
祎,⿰礻韦
祏,⿰礻石
祐,⿰礻右
祓,⿰礻犮
祔,⿰礻付
祕,⿰礻必
祖,⿰礻且
祗,⿰礻氐
祘,⿰示示
祙,⿰礻未
祚,⿰礻乍
祛,⿰礻去
祜,⿰礻古
祝,⿰礻兄
神,⿰礻申
祟,⿱出示
祠,⿰礻司
祢,⿰礻尔
祤,⿰礻羽
祥,⿰礻羊
祦,⿰礻吳
祧,⿰礻兆
票,⿱覀示
祪,⿰礻危
祫,⿰礻合
祭,⿱⿰𱼀
祮,⿰礻吉
祯,⿰礻贞
祰,⿰礻告
祲,⿰礻𠬶
祳,⿰礻辰
祶,⿰礻弟
祷,⿰礻寿
祸,⿰礻呙
祹,⿰礻匋
祺,⿰礻其
祻,⿰礻固
祼,⿰礻果
祾,⿰礻夌
祿,⿰礻彔
禀,⿱㐭示
禁,⿱林示
禃,⿰礻直
禄,⿰礻录
禅,⿰礻単
禆,⿰礻卑
禇,⿰礻者
禊,⿰礻契
禋,⿰礻垔
禌,⿰礻兹
禍,⿰礻咼
禎,⿰礻貞
福,⿰礻畐
禐,⿰礻爰
禑,⿰礻禺
禔,⿰礻是
禖,⿰礻某
禘,⿰礻帝
禛,⿰礻真
禜,⿱𤇾示
禞,⿰礻高
禠,⿰礻虒
禡,⿰礻馬
禢,⿰礻𦐇
禣,⿰礻尃
禤,⿰礻⿱
禥,⿰礻基
禦,⿱御示
禧,⿰礻喜
禩,⿰礻異
禪,⿰礻單
禫,⿰礻覃
禬,⿰礻會
禭,⿰礻遂
禮,⿰礻豊
禰,⿰礻爾
禱,⿰礻壽
禳,⿰礻襄
禵,⿰礻題
禸,⿻冂厶
禹,⿻⿱丿
禺,⿻日禸
离,⿱㐫禸
禽,⿱𠆢离
禾,⿱丿木
禿,⿱禾儿
秀,⿱禾乃
私,⿰禾厶
秃,⿱禾几
秅,⿰禾乇
秆,⿰禾干
秉,⿱丿𣏃
秋,⿰禾火
秌,⿰火禾
种,⿰禾中
科,⿰禾斗
秒,⿰禾少
秔,⿰禾亢
秕,⿰禾比
秘,⿰禾必
秙,⿰禾古
秝,⿰禾禾
租,⿰禾且
秠,⿰禾丕
秢,⿰禾令
秣,⿰禾末
秤,⿰禾平
秦,⿱𡗗禾
秧,⿰禾央
秩,⿰禾失
秫,⿰禾术
秬,⿰禾巨
秭,⿰禾𠂔
积,⿰禾只
称,⿰禾尔
秱,⿰禾同
秲,⿰禾寺
秳,⿰禾舌
秵,⿰禾因
秶,⿱次禾
秸,⿰禾吉
秹,⿰禾任
移,⿰禾多
秼,⿰禾朱
秽,⿰禾岁
秾,⿰禾农
稀,⿰禾希
稂,⿰禾良
稃,⿰禾孚
稄,⿰禾夋
稅,⿰禾兌
稆,⿰禾吕
稇,⿰禾困
稈,⿰禾旱
稊,⿰禾弟
程,⿰禾呈
稌,⿰禾余
稍,⿰禾肖
税,⿰禾兑
稑,⿰禾坴
稓,⿰禾昔
稔,⿰禾念
稖,⿰禾咅
稗,⿰禾卑
稘,⿰禾其
稙,⿰禾直
稚,⿰禾隹
稛,⿰禾囷
稜,⿰禾夌
稞,⿰禾果
稟,⿱㐭禾
稠,⿰禾周
稣,⿰鱼禾
稧,⿰禾契
稬,⿰禾耎
稭,⿰禾皆
種,⿰禾重
稱,⿰禾爯
稲,⿰禾𱬹
稳,⿰禾急
稴,⿰禾兼
稷,⿰禾畟
稸,⿰禾畜
稹,⿰禾真
稻,⿰禾舀
稼,⿰禾家
稽,⿰禾⿱
稾,⿱高禾
稿,⿰禾高
穀,⿰⿱⿳
穃,⿰禾容
穄,⿰禾祭
穆,⿰禾㣎
穈,⿸麻禾
穉,⿰禾犀
穊,⿰禾既
穌,⿰魚禾
積,⿰禾責
穎,⿰⿱匕
穐,⿰禾亀
穑,⿰禾啬
穗,⿰禾惠
穙,⿰禾菐
穛,⿰禾焦
穜,⿰禾童
穢,⿰禾歲
穩,⿰禾㥯
穪,⿰禾爾
穫,⿰禾蒦
穯,⿰禾⿱
穰,⿰禾襄
穱,⿰禾爵
穴,⿱宀八
穵,⿱穴乙
究,⿱穴九
穷,⿱穴力
穸,⿱穴夕
穹,⿱穴弓
空,⿱穴工
穻,⿱穴于
穿,⿱穴牙
窀,⿱穴屯
突,⿱穴犬
窃,⿱穴切
窄,⿱穴乍
窅,⿱穴目
窆,⿱穴乏
窇,⿱穴包
窈,⿱穴幼
窊,⿱穴瓜
窋,⿱穴出
窌,⿱穴卯
窍,⿱穴巧
窎,⿱穴鸟
窑,⿱穴缶
窒,⿱穴至
窔,⿱穴交
窕,⿱穴兆
窖,⿱穴告
窗,⿱穴囱
窘,⿱穴君
窜,⿱穴串
窝,⿱穴呙
窟,⿱穴屈
窠,⿱穴果
窣,⿱穴卒
窤,⿱穴昆
窥,⿱穴规
窦,⿱穴卖
窨,⿱穴音
窩,⿱穴咼
窪,⿱穴洼
窬,⿱穴俞
窭,⿱穴娄
窮,⿱穴躬
窯,⿱穴羔
窳,⿱穴㼌
窸,⿱穴悉
窾,⿱穴款
窿,⿱穴隆
竂,⿱穴尞
竄,⿱穴鼠
竅,⿱穴敫
竇,⿱穴賣
立,⿱亠䒑
立,亠䒑 
竌,⿰立几
竏,⿰立千
竑,⿰立厷
竒,⿳亠丷
竖,⿱𰀡立
竘,⿰立句
站,⿰立占
竚,⿰立宁
竜,⿱立⿻
竝,⿰立立
竞,⿱立兄
竟,⿱音儿
章,⿱立早
竢,⿰立矣
竣,⿰立夋
童,⿱立里
竦,⿰立束
竭,⿰立曷
端,⿰立耑
競,⿰竞竞
竷,⿰章⿱
竸,⿰竟竟
竺,⿱𥫗二
竽,⿱𥫗于
竾,⿱𥫗也
竿,⿱𥫗干
笀,⿱𥫗亡
笃,⿱𥫗马
笄,⿱𥫗开
笆,⿱𥫗巴
笇,⿱𥫗卞
笈,⿱𥫗及
笉,⿱𥫗匀
笊,⿱𥫗爪
笋,⿱𥫗尹
笍,⿱𥫗内
笏,⿱𥫗勿
笐,⿱𥫗亢
笑,⿱𥫗夭
笔,⿱𥫗毛
笕,⿱𥫗见
笖,⿱𥫗以
笗,⿱𥫗冬
笙,⿱𥫗生
笛,⿰𥫗由
笜,⿱𥫗出
笞,⿱𥫗台
笟,⿱𥫗瓜
笠,⿱𥫗立
笣,⿱𥫗包
笤,⿱𥫗召
笥,⿱𥫗司
符,⿱𥫗付
笧,⿱𥫗册
笨,⿱𥫗本
笪,⿱𥫗旦
笫,⿱𥫗𠂔
第,⿱𥫗𢎨
笭,⿱𥫗令
笮,⿱𥫗乍
笰,⿱𥫗弗
笱,⿱𥫗句
笲,⿱𥫗弁
笳,⿱𥫗加
笸,⿱𥫗叵
笹,⿱𥫗世
笺,⿱𥫗戋
笼,⿱𥫗龙
笾,⿱𥫗边
笿,⿱𥫗各
筂,⿱𥫗池
筄,⿱𥫗兆
筅,⿱𥫗先
筆,⿱𥫗聿
筇,⿱𥫗邛
筈,⿱𥫗舌
等,⿱𥫗寺
筊,⿱𥫗交
筋,⿱𥫗肋
筌,⿱𥫗全
筍,⿱𥫗旬
筏,⿱𥫗伐
筐,⿱𥫗匡
筒,⿱𥫗同
答,⿱𥫗合
策,⿱𥫗朿
筘,⿱𥫗扣
筚,⿱𥫗毕
筛,⿱𥫗师
筝,⿱𥫗争
筠,⿱𥫗均
筢,⿱𥫗把
筣,⿱𥫗利
筥,⿱𥫗吕
筦,⿱𥫗完
筩,⿱𥫗甬
筭,⿱𥫗弄
筮,⿱𥫗巫
筰,⿱𥫗作
筱,⿱𥫗攸
筲,⿱𥫗肖
筴,⿱𥫗夾
筵,⿱𥫗延
筶,⿱𥫗告
筷,⿱𥫗快
筸,⿱𥫗旱
筹,⿱𥫗寿
筻,⿱𥫗更
筼,⿱𥫗员
筽,⿱𥫗吴
签,⿱𥫗佥
简,⿱𥫗间
箅,⿱𥫗畀
箇,⿱𥫗固
箍,⿱𥫗㧜
箏,⿱𥫗爭
箐,⿱𥫗青
箒,⿱𥫗帚
箓,⿱𥫗彔
箔,⿱𥫗泊
箕,⿱𥫗其
箖,⿱𥫗林
算,⿱𥫗𥃲
箘,⿱𥫗囷
箛,⿱𥫗孤
箜,⿱𥫗空
箝,⿱𥫗拑
箞,⿱𥫗卷
箠,⿱𥫗垂
管,⿱𥫗官
箢,⿱𥫗宛
箣,⿱𥫗刺
箤,⿱𥫗卒
箥,⿱𥫗波
箦,⿱𥫗责
箧,⿱𥫗⿷
箨,⿱𥫗择
箩,⿱𥫗罗
箪,⿱𥫗单
箫,⿱𥫗肃
箬,⿱𥫗若
箭,⿱𥫗前
箯,⿱𥫗便
箱,⿱𥫗相
箴,⿱𥫗咸
箷,⿱𥫗施
箸,⿱𥫗者
箹,⿱𥫗約
箽,⿱𥫗重
箾,⿱𥫗削
箿,⿱𥫗咠
節,⿱𥫗即
篁,⿱𥫗皇
篂,⿱𥫗星
篃,⿱𥫗眉
範,⿱𥫗𨊠
篆,⿱𥫗彖
篇,⿱𥫗扁
篌,⿱𥫗侯
篑,⿱𥫗贵
篓,⿱𥫗娄
篙,⿱𥫗高
篚,⿱𥫗匪
篛,⿱𥫗弱
篜,⿱𥫗烝
篝,⿱𥫗冓
篟,⿱𥫗倩
篠,⿱𥫗條
篡,⿳𥬥大
篤,⿱𥫗馬
篥,⿱𥫗栗
篦,⿱𥫗𣬉
篩,⿱𥫗師
篪,⿱𥫗虒
篬,⿱𥫗倉
篭,⿱𥫗竜
篮,⿱𥫗监
篯,⿱𥫗钱
篰,⿱𥫗部
篱,⿱𥫗离
篲,⿱𥫗彗
篳,⿱𥫗畢
篴,⿱𥫗逐
篷,⿱𥫗逢
篸,⿱𥫗參
篺,⿱𥫗捭
篼,⿱𥫗兜
篾,⿳𥫗罒
簃,⿱𥫗移
簇,⿱𥫗族
簋,⿱𥫗𭾁
簌,⿱𥫗欶
簍,⿱𥫗婁
簏,⿱𥫗鹿
簑,⿱𥫗衰
簕,⿱𥫗勒
簘,⿱𥫗粛
簜,⿱𥫗湯
簞,⿱𥫗單
簟,⿱𥫗覃
簠,⿱𥫗盙
簡,⿱𥫗間
簢,⿱𥫗閔
簤,⿱𥫗買
簥,⿱𥫗喬
簦,⿱𥫗登
簧,⿱𥫗黄
簨,⿱𥫗巽
簪,⿱𥫗朁
簫,⿱𥫗肅
簬,⿱𥫗路
簯,⿱𥫗棋
簰,⿱𥫗牌
簳,⿱𥫗幹
簴,⿱𥫗虡
簷,⿱𥫗詹
簸,⿱𥫗𤿺
簹,⿱𥫗當
簺,⿱𥫗塞
簻,⿱𥫗過
簼,⿱𥫗搆
簽,⿱𥫗僉
簾,⿱𥫗廉
簿,⿱𥫗溥
籀,⿱𥫗㨨
籁,⿱𥫗赖
籂,⿱𥫗飾
籄,⿱𥫗匱
籆,⿱𥫗蒦
籇,⿱𥫗豪
籌,⿱𥫗壽
籍,⿱𥫗耤
籐,⿱𥫗滕
籒,⿱𥫗㩅
籓,⿱𥫗潘
籔,⿱𥫗數
籙,⿱𥫗録
籜,⿱𥫗擇
籞,⿱𥫗禦
籠,⿱𥫗龍
籣,⿱𥫗闌
籤,⿱𥫗韱
籥,⿱𥫗龠
籬,⿱𥫗離
籲,⿱𥫗龥
米,⿻丷木
籴,⿱入米
籶,⿰米几
类,⿱米大
籼,⿰米山
籽,⿰米子
粃,⿰米比
粉,⿰米分
粊,⿱比米
粋,⿰米卆
粌,⿰米引
粍,⿰米毛
粎,⿰米尺
粏,⿰米太
粐,⿰米户
粑,⿰米巴
粒,⿰米立
粓,⿰米甘
粔,⿰米巨
粕,⿰米白
粖,⿰米末
粗,⿰米且
粘,⿰米占
粚,⿰米㐌
粛,⿻肀𫂱
粜,⿱出米
粝,⿰米历
粞,⿰米西
粟,⿱覀米
粡,⿰米同
粢,⿱次米
粣,⿰米册
粤,⿳丿𡇒
粥,⿲弓米
粦,⿱米舛
粧,⿰米庄
粩,⿰米老
粪,⿱米共
粫,⿰米而
粭,⿰米合
粮,⿰米良
粯,⿰米見
粱,⿱⿰氵
粲,⿱𣦼米
粳,⿰米更
粴,⿰米里
粵,⿱⿵𰃦
粶,⿰米录
粷,⿰米匊
粸,⿰米其
粹,⿰米卒
粺,⿰米卑
粻,⿰米長
粽,⿰米宗
精,⿰米青
粿,⿰米果
糀,⿰米花
糁,⿰米参
糂,⿰米甚
糅,⿰米柔
糇,⿰米侯
糈,⿰米胥
糉,⿰米㚇
糊,⿰米胡
糌,⿰米昝
糍,⿰米兹
糓,⿰⿳士
糕,⿰米羔
糖,⿰米唐
糗,⿰米臭
糙,⿰米造
糜,⿸麻米
糞,⿱米異
糟,⿰米曹
糠,⿰米康
糢,⿰米莫
糦,⿰米喜
糧,⿰米量
糨,⿰米强
糯,⿰米需
糰,⿰米團
糱,⿱辥米
糴,⿰籴翟
糵,⿱薛米
糷,⿰米蘭
糸,⿱幺小
糺,⿰糹乚
系,⿱丿糸
紀,⿰糹己
紂,⿰糹寸
紃,⿰糹川
約,⿰糹勺
紅,⿰糹工
紇,⿰糹乞
紊,⿱文糸
紋,⿰糹文
納,⿰糹內
紏,⿰糹斗
紐,⿰糹丑
紓,⿰糹予
純,⿰糹屯
紖,⿰糹引
紗,⿰糹少
紘,⿰糹厷
紙,⿰糹氏
級,⿰糹及
紛,⿰糹分
紝,⿰糹壬
素,⿱龶糸
索,⿳十冖
紣,⿰糹卆
紤,⿰糹斤
紧,⿱𰀡糸
紩,⿰糹失
紫,⿱此糸
紬,⿰糹由
紭,⿰糹弘
紮,⿱札糸
累,⿱田糸
細,⿰糹田
紳,⿰糹申
紵,⿰糹宁
紹,⿰糹召
紺,⿰糹甘
紻,⿰糹央
紾,⿰糹㐱
絁,⿰糹㐌
終,⿰糹冬
絃,⿰糹玄
組,⿰糹且
絅,⿰糹冋
絆,⿰糹半
絍,⿰糹任
絏,⿰糹曳
結,⿰糹吉
絕,⿰糹⿱
絙,⿰糹亘
絛,⿲亻丨
絜,⿱㓞糸
絞,⿰糹交
絟,⿰糹全
絡,⿰糹各
給,⿰糹合
絨,⿰糹戎
絪,⿰糹因
絫,⿱厽糸
絭,⿱龹糸
絮,⿱如糸
統,⿰糹充
絲,⿰糹糸
絳,⿰糹夅
絶,⿰糹色
絷,⿱执糸
絹,⿰糹肙
絺,⿰糹希
絼,⿰糹豸
絽,⿰糹吕
絾,⿰糹成
絿,⿰糹求
綀,⿰糹束
綂,⿰糹𠑽
綄,⿰糹完
綅,⿰糹𠬶
綈,⿰糹弟
綊,⿰糹夾
綍,⿰糹孛
綎,⿰糹廷
綏,⿰糹妥
綑,⿰糹困
綒,⿰糹孚
綔,⿰夸系
綖,⿰糹延
綜,⿰糹宗
綝,⿰糹林
綟,⿰糹戾
綠,⿰糹彔
綡,⿰糹京
綦,⿱其糸
維,⿰糹隹
綮,⿱𢼄糸
綱,⿰糹岡
網,⿰糹罔
綴,⿰糹叕
綵,⿰糹采
綶,⿰糹果
綹,⿰糹咎
綼,⿰糹卑
綿,⿰糹帛
緄,⿰糹昆
緅,⿰糹取
緊,⿱臤糸
緋,⿰糹非
緌,⿰糹委
緍,⿰糹昏
緐,⿰每系
緒,⿰糹⿱
緗,⿰糹相
線,⿰糹泉
緛,⿰糹耎
緜,⿰帛系
緝,⿰糹咠
緞,⿰糹段
締,⿰糹帝
緡,⿰糹昬
緣,⿰糹彖
緦,⿰糹思
編,⿰糹扁
緩,⿰糹爰
緯,⿰糹韋
緰,⿰糹俞
緱,⿰糹侯
緲,⿰糹眇
練,⿰糹柬
緶,⿰糹便
緷,⿰糹軍
緹,⿰糹是
緺,⿰糹咼
緻,⿰糹致
緼,⿰糹昷
縁,⿰糹⿱
縂,⿰糹总
縆,⿰糹恒
縈,⿱𤇾糸
縋,⿰糹追
縕,⿰糹𥁕
縜,⿰糹員
縞,⿰糹高
縠,⿹𣪊糸
縡,⿰糹宰
縢,⿰月絭
縣,⿰⿱⿴
縩,⿰糹祭
縪,⿰糹畢
縫,⿰糹逢
縮,⿰糹宿
縯,⿰糹寅
縱,⿰糹從
縷,⿰糹婁
縹,⿰糹票
縻,⿸麻糸
縼,⿰糹旋
總,⿰糹悤
績,⿰糹責
縿,⿰糹參
繀,⿰糹崔
繁,⿱敏糸
繂,⿰糹率
繃,⿰糹崩
繆,⿰糹翏
繇,⿰䍃系
繉,⿰糹⿱
繋,⿱軗糸
繌,⿰糹𡕩
繐,⿰糹惠
繑,⿰糹喬
繒,⿰糹曾
織,⿰糹戠
繕,⿰糹善
繖,⿰糹散
繙,⿰糹番
繚,⿰糹尞
繜,⿰糹尊
繝,⿰糹閒
繞,⿰糹堯
繟,⿰糹單
繣,⿰糹畫
繤,⿱艹䋰
繧,⿰糹雲
繨,⿰糹達
繩,⿰糹黽
繫,⿱𣪠糸
繬,⿰糹嗇
繯,⿰糹睘
繳,⿰糹敫
繴,⿱辟糸
繸,⿰糹遂
繺,⿰糹煞
繻,⿰糹需
繼,⿰糹㡭
纀,⿰糹僕
纂,⿱𮅕糸
纃,⿰糹齊
纄,⿰糹蓬
纉,⿰糹賛
續,⿰糹賣
纍,⿱畾糸
纏,⿰糹廛
纑,⿰糹盧
纒,⿰糹⿸
纔,⿰糹毚
纕,⿰糹襄
纖,⿰糹韱
纘,⿰糹贊
纛,⿱毒縣
纟,⿳𠃋𠃋
纟,𠃋𠃋㇀
纠,⿰纟丩
纡,⿰纟于
红,⿰纟工
纣,⿰纟寸
纤,⿰纟千
纥,⿰纟乞
约,⿰纟勺
级,⿰纟及
纨,⿰纟丸
纩,⿰纟广
纪,⿰纟己
纫,⿰纟刃
纬,⿰纟韦
纭,⿰纟云
纮,⿰纟厷
纯,⿰纟屯
纰,⿰纟比
纱,⿰纟少
纲,⿰纟冈
纳,⿰纟内
纴,⿰纟壬
纵,⿰纟从
纶,⿰纟仑
纷,⿰纟分
纸,⿰纟氏
纹,⿰纟文
纺,⿰纟方
纻,⿰纟㝉
纽,⿰纟丑
纾,⿰纟予
线,⿰纟戋
绀,⿰纟甘
绁,⿰纟世
绂,⿰纟犮
练,⿰纟𫠣
组,⿰纟且
绅,⿰纟申
细,⿰纟田
织,⿰纟只
终,⿰纟冬
绉,⿰纟刍
绊,⿰纟半
绋,⿰纟弗
绌,⿰纟出
绍,⿰纟召
绎,⿰纟𠬤
经,⿰纟𢀖
绐,⿰纟台
绑,⿰纟邦
绒,⿰纟戎
结,⿰纟吉
绔,⿰纟夸
绕,⿰纟尧
绖,⿰纟至
绗,⿰纟行
绘,⿰纟会
给,纟合 
绚,⿰纟旬
绛,⿰纟夅
络,⿰纟各
绝,⿰纟色
绞,⿰纟交
统,⿰纟充
绠,⿰纟更
绡,⿰纟肖
绢,⿰纟肙
绣,⿰纟秀
绤,⿰纟谷
绥,⿰纟妥
绦,⿰纟条
继,⿰纟⿺
绨,⿰纟弟
绩,⿰纟责
绪,⿰纟者
绫,⿰纟夌
续,⿰纟卖
绮,⿰纟奇
绯,⿰纟非
绰,⿰纟卓
绱,⿰纟尚
绲,⿰纟昆
绳,⿰纟黾
维,⿰纟隹
绵,⿰纟帛
绶,⿰纟受
绷,⿰纟朋
绸,⿰纟周
绹,⿰纟匋
绺,⿰纟咎
绻,⿰纟卷
综,⿰纟宗
绽,⿰纟定
绾,⿰纟官
绿,⿰纟录
缀,⿰纟叕
缂,⿰纟革
缃,⿰纟相
缄,⿰纟咸
缅,⿰纟面
缆,⿰纟览
缇,⿰纟是
缈,⿰纟眇
缉,⿰纟咠
缊,⿰纟昷
缋,⿰纟贵
缌,⿰纟思
缍,⿰纟垂
缎,⿰纟段
缏,⿰纟便
缑,⿰纟侯
缒,⿰纟追
缓,⿰纟爰
缔,⿰纟帝
缕,⿰纟娄
编,⿰纟扁
缗,⿰纟昬
缘,⿰纟彖
缙,⿰纟晋
缚,⿰纟尃
缛,⿰纟辱
缜,⿰纟真
缝,縫 |
缞,⿰纟衰
缟,⿰纟高
缠,⿰纟㢆
缡,⿰纟离
缢,⿰纟益
缣,⿰纟兼
缤,⿰纟宾
缥,⿰纟票
缦,⿰纟曼
缧,⿰纟累
缨,⿰纟婴
缩,⿰纟宿
缪,⿰纟翏
缬,⿰纟颉
缭,⿰纟尞
缮,⿰纟善
缯,⿰纟曾
缰,⿰纟畺
缱,⿰纟遣
缲,⿰纟喿
缳,⿰纟睘
缴,⿰纟敫
缵,⿰纟赞
缶,⿱午凵
缷,⿰缶卩
缸,⿰缶工
缺,⿰缶夬
缻,⿰缶瓦
缽,⿰缶本
缾,⿰缶并
罁,⿰缶岡
罂,⿱𲂻缶
罃,⿱𤇾缶
罄,⿱殸缶
罅,⿰缶虖
罆,⿰缶貫
罇,⿰缶尊
罈,⿰缶覃
罋,⿱雍缶
罍,⿱畾缶
罐,⿰缶雚
网,⿵冂⿰
罔,⿵𦉰亡
罕,⿱㓁干
罗,⿱罒夕
罘,⿱罒不
罙,⿱㓁木
罚,⿱罒⿰
罝,⿱罒且
罟,⿱罒古
罡,⿱罒正
罢,⿱罒去
罣,⿱罒圭
罥,⿱罒肙
罨,⿱罒奄
罩,⿱罒卓
罪,⿱罒非
置,⿱罒直
罯,⿱罒音
罰,⿱罒䚯
罱,⿱罒南
署,⿱罒者
罴,⿳罒去
罵,⿱罒馬
罶,⿱罒留
罷,⿱罒能
罹,⿱罒惟
罼,⿱罒畢
罽,⿱罒⿸
罾,⿱罒曾
羀,⿱网畱
羁,⿱罒⿰
羅,⿱罒維
羇,⿱罒䩭
羈,⿱罒䩻
羉,⿱罒䜌
羊,⿱䒑𰀁
羌,⿸⺶乚
羍,⿱大羊
美,⿱𦍌大
羑,𦍌久 
羔,⿱𦍌灬
羕,⿱𦍌永
羗,⿸羌厶
羚,⿰羊令
羜,⿰羊宁
羝,⿰羊氐
羟,⿰羊𢀖
羠,⿰羊夷
羡,⿱𦍌次
群,⿰君羊
羧,⿰羊夋
義,⿱𦍌我
羭,⿰羊俞
羯,⿰羊曷
羰,⿰羊炭
羲,⿱𦍌⿹
羴,⿱羊⿰
羵,⿰羊賁
羶,⿰羊亶
羷,⿰羊僉
羸,⿱吂⿲
羹,⿱羔美
羺,⿰羊需
羼,⿸尸羴
羿,⿱羽廾
翀,⿰羽中
翁,⿱公羽
翂,⿰羽分
翃,⿰厷羽
翅,⿺支羽
翆,⿱羽卆
翈,⿰甲羽
翉,⿰本羽
翊,⿰立羽
翌,⿱羽立
翎,⿰令羽
翏,⿱羽㐱
翐,⿰羽失
翑,⿰羽句
習,⿱羽白
翔,⿰羊羽
翕,⿱合羽
翖,⿰合羽
翘,⿺尧羽
翙,⿰岁羽
翚,⿱羽军
翛,⿲亻丨
翜,⿱羽夾
翟,⿱羽隹
翠,⿱羽卒
翡,⿱非羽
翢,⿰周羽
翣,⿱羽妾
翥,⿱者羽
翦,⿱前羽
翧,⿰宣羽
翩,⿰扁羽
翫,⿰習元
翬,⿱羽軍
翭,⿰羽侯
翮,⿰鬲羽
翯,⿱羽高
翰,⿰龺⿱
翱,⿰皋羽
翳,⿱殹羽
翸,⿰賁羽
翹,⿺堯羽
翻,⿰番羽
翼,⿱羽異
耀,⿰光翟
老,⿱耂匕
耂,⿻丿土
耂,丿土,
考,⿱耂丂
耄,⿱老毛
者,⿱耂日
者,耂日 
耆,⿱老日
耇,⿱耂句
耈,⿱老句
耊,⿱耂至
耋,⿱老至
耍,⿱而女
耎,⿱而大
耐,⿰而寸
耑,⿱山而
耕,⿰耒井
耖,⿰耒少
耗,⿰耒毛
耘,⿰耒云
耙,⿰耒巴
耜,⿰耒㠯
耡,⿰耒助
耢,⿰耒劳
耤,⿰耒昔
耥,⿰耒尚
耦,⿰耒禺
耧,⿰耒娄
耨,⿰耒辱
耩,⿰耒冓
耪,⿰耒旁
耮,⿰耒勞
耰,⿰耒憂
耱,⿰耒磨
耴,⿰耳乚
耵,⿰耳丁
耶,⿰耳阝
耷,⿱大耳
耸,⿱从耳
耻,⿰耳止
耽,⿰耳冘
耿,⿰耳火
聂,⿱耳双
聃,⿰耳冉
聆,⿰耳令
聊,⿰耳卯
聋,⿱龙耳
职,⿰耳只
聍,⿰耳宁
聑,⿰耳耳
聒,⿰耳舌
联,⿰耳关
聖,⿱𦔻𡈼
聘,⿰耳甹
聚,⿱取乑
聛,⿰耳卑
聜,⿰耳空
聝,⿰耳或
聞,⿵門耳
聟,⿱知耳
聠,⿰耳并
聡,⿰耳忩
聣,⿰耳兒
聦,⿰耳怱
聧,⿰耳癸
聩,⿰耳贵
聪,⿰耳总
聫,⿰耳⿱
聬,⿰耳翁
聭,⿰耳鬼
聯,⿰耳𢇇
聰,⿰耳悤
聱,⿱敖耳
聲,⿱殸耳
聴,⿰耳⿳
聵,⿰耳貴
聶,⿱耳聑
職,⿰耳戠
聸,⿰耳詹
聹,⿰耳寧
聺,⿰耳察
聻,⿱漸耳
聽,⿰⿹耳
聾,⿱龍耳
肀,⿻コ十
肄,⿰𠤕聿
肅,⿻肀𣶒
肆,⿰镸聿
肇,⿱𢼄聿
肊,⿰月乙
肋,⿰⺼力
肍,⿰月九
肏,⿱入肉
肓,⿱亡月
肖,⿱⺌月
肘,⿰月寸
肙,⿱口月
肚,⿰月土
肛,⿰月工
肜,⿰月彡
肝,⿰月干
肞,⿰月义
肟,⿰月亏
肠,⿰月𠃓
肢,⿰月支
肣,⿰月今
肤,⿰⺼夫
肥,⿰月巴
肧,⿰月不
肩,⿸戶月
肪,⿰⺼方
肫,⿰月屯
肭,⿰⺼內
肮,⿰月亢
肯,⿱止⺝
肱,⿰月厷
育,⿳亠厶
肴,⿱㐅有
肷,⿰月欠
肸,⿰月⿱
肺,⿰月巿
肻,肯 |
肼,⿰月井
肽,⿰⺼太
肾,⿱𰀡月
肿,⿰月中
胀,⿰⺼长
胁,⿰月办
胂,⿰⺼申
胃,⿱田⺼
胄,⿱由月
胊,⿰月句
背,⿱北月
胍,⿰月瓜
胎,⿰⺼台
胑,⿰月只
胔,⿱此肉
胖,⿰月半
胗,⿰月㐱
胙,⿰月乍
胚,⿰月丕
胛,⿰月甲
胜,⿰月生
胝,⿰月氐
胞,⿰月包
胠,⿰月去
胡,⿰古月
胤,⿰𦙍乚
胥,⿱疋月
胧,朧 |
胨,⿰月东
胩,⿰月卡
胪,臚 |
胫,⿰月𢀖
胬,⿱奴肉
胭,⿰⺼因
胯,⿰月夸
胰,⿰月夷
胱,⿰月光
胲,⿰⺼亥
胳,⿰月各
胴,⿰月同
胵,⿰月至
胶,⿰⺼交
胸,⿰月匈
胹,⿰月而
胺,⿰⺼安
胼,⿰月并
能,⿰䏍𫧇
胾,⿹𢦏肉
脂,⿰月旨
脅,⿱劦月
脆,⿰⺼危
脈,⿰月𠂢
脉,⿰月永
脍,⿰月会
脎,⿰⺼杀
脏,⿰⺼庄
脐,⿰月齐
脑,⿰⺼㐫
脒,⿰月米
脓,⿰月农
脔,⿱𰁜肉
脕,⿰月免
脖,⿰月孛
脗,⿰月𠯳
脘,⿰月完
脙,⿰月求
脚,⿰月却
脜,⿰月𦣻
脝,⿰月亨
脞,⿰月坐
脟,⿱月寽
脣,⿸辰⺼
脦,⿰月忒
脧,⿰⺼夋
脨,⿰月束
脩,⿸攸月
脭,⿰月呈
脮,⿰月妥
脯,⿰⺼甫
脰,⿰⺼豆
脱,⿰月兑
脲,⿰月尿
脳,⿰⺼⿱
脵,⿰月吴
脶,⿰月呙
脷,⿰⺼利
脸,⿰⺼佥
脹,⿰⺼長
脺,⿰月卒
脻,⿰月疌
脼,⿰月兩
脽,⿰月隹
脾,⿰⺼卑
脿,⿰月表
腀,⿰月侖
腂,⿰月果
腃,⿰月卷
腄,⿰月垂
腆,⿰月典
腈,⿰月青
腊,⿰月昔
腋,⿰月夜
腌,醃 |
腎,⿱臤肉
腐,⿸府肉
腑,⿰月府
腕,⿰月宛
腗,⿰月畁
腘,⿰月国
腙,⿰月宗
腚,⿰月定
腠,⿰⺼奏
腣,⿰月帝
腥,⿰⺼星
腧,⿰月俞
腨,⿰月耑
腩,⿰月南
腪,⿰月軍
腫,⿰月重
腬,⿰月柔
腭,⿰月咢
腮,⿰月思
腰,⿰月要
腱,⿰月建
腳,⿰月卻
腴,⿰月臾
腵,⿰月叚
腸,⿰月昜
腹,⿰月复
腺,⿰⺼泉
腻,⿰月贰
腼,⿰月面
腽,⿰月昷
腾,⿰月𱅑
膀,⿰⺼旁
膂,呂 |
膄,⿰月叟
膆,⿰月素
膈,⿰月鬲
膊,⿰月尃
膋,⿱𤇾⺝
膏,⿱高月
膑,⿰月宾
膕,⿰月國
膗,⿰月崔
膘,⿰月票
膚,⿸虍胃
膛,⿰月堂
膜,⿰月莫
膟,⿰月率
膥,⿱⿰未
膦,⿰月粦
膨,⿰月彭
膩,⿰月貳
膪,⿰月啻
膬,⿰月毳
膭,⿰月貴
膮,⿰月堯
膯,⿰月登
膰,⿰月番
膱,⿰月戠
膲,⿰月焦
膳,⿰⺼善
膴,⿰月無
膵,⿰⺼萃
膶,⿰⺼閏
膹,⿰月賁
膺,⿸䧹月
膻,⿰⺼亶
膼,⿰月過
膽,⿰月詹
膿,⿰⺼農
臁,⿰月廉
臃,⿰月雍
臄,⿰月豦
臅,⿰月蜀
臆,⿰月意
臇,⿰月雋
臈,⿰⺼葛
臉,⿰⺼僉
臊,⿰⺼喿
臌,⿰月鼓
臍,⿰⺼齊
臎,⿰月翠
臏,⿰月賓
臑,⿰月需
臒,⿰月蒦
臓,⿰月蔵
臕,⿰月麃
臖,⿱興月
臗,⿰月寬
臚,⿰⺼盧
臜,⿰月赞
臞,⿰⺼瞿
臟,⿰月藏
臢,⿰月贊
臤,⿰臣又
臥,⿰臣人
臧,⿵戕臣
臨,⿰臣⿱
自,⿱丿目
臬,⿱自木
臭,⿱自犬
臮,⿱自⿲
臯,⿱自𠦂
臱,⿳自穴
至,⿱𠫔土
致,⿰至攵
臶,⿰至存
臺,⿳吉冖
臻,⿰至秦
臽,⿱⺈臼
臾,⿻臼人
臿,⿻千臼
舀,⿱爫臼
舁,⿱臼廾
舂,⿱𡗗臼
舃,⿱臼⿹
舄,⿱臼⿹
舅,⿱臼男
舆,⿳⿴𦥑
與,⿶⿳𦥑
興,⿳⿴𦥑
舉,⿱與𰀁
舊,⿱雈臼
舋,⿱⿴𦥑
舌,⿱千口
舍,⿳𠆢一
舐,⿰舌氏
舒,⿰舍予
舔,⿰舌忝
舖,⿰舍甫
舛,⿰夕㐄
舜,⿳爫冖
舞,⿱⿳𠂉
舟,⿻𠔾⺀
舡,⿰舟工
舢,⿰舟山
舣,⿰舟义
舦,⿰舟太
舨,⿰舟反
航,⿰舟亢
舫,⿰舟方
般,⿰舟殳
舭,⿰舟比
舯,⿰舟中
舰,⿰舟见
舱,⿰舟仓
舲,⿰舟令
舳,⿰舟由
舴,⿰舟乍
舵,⿰舟它
舶,⿰舟白
舷,⿰舟玄
舸,⿰舟可
舻,⿰舟卢
舾,⿰舟西
艁,⿰舟告
艂,⿰舟夆
艄,⿰舟肖
艆,⿰舟良
艇,⿰舟廷
艈,⿰舟㐬
艉,⿰舟尾
艊,⿰舟帛
艋,⿰舟孟
艍,⿰舟居
艎,⿰舟皇
艏,⿰舟首
艐,⿰舟㚇
艑,⿰舟扁
艒,⿰舟冒
艕,⿰舟旁
艖,⿰舟差
艘,⿰舟叟
艙,⿰舟倉
艚,⿰舟曹
艜,⿰舟帶
艞,⿰舟筄
艟,⿰舟童
艢,⿰舟嗇
艣,⿰舟虜
艤,⿰舟義
艦,⿰舟監
艧,⿰舟蒦
艨,⿰舟蒙
艩,⿰舟齊
艫,⿰舟盧
艭,⿰舟雙
良,⿱丶艮
艰,⿰又艮
艳,⿰丰色
艴,⿰弗色
艶,⿰豊色
艷,⿰豐色
艸,⿰䶹屮
艺,⿱艹乙
艼,⿱艹丁
艽,⿱艹九
艾,⿱艹乂
艿,⿱艹乃
节,⿱艹𰆊
芃,⿱艹凡
芄,⿱艹丸
芈,⿱卝⿻
芊,⿱艹千
芋,⿱艹于
芍,⿱艹勺
芎,⿱艹弓
芏,⿱艹土
芑,⿱艹己
芒,⿱艹亡
芖,⿱艹大
芗,⿱艹乡
芘,⿱艹比
芙,⿱艹夫
芜,⿱艹无
芝,⿱艹之
芟,⿱艹殳
芡,⿱艹欠
芤,⿱艹孔
芥,⿱艹介
芦,⿱艹户
芨,⿱艹及
芩,⿱艹今
芪,⿱艹氏
芫,⿱艹元
芬,⿱艹分
芭,⿱艹巴
芮,⿱艹内
芯,⿱艹心
芰,⿱艹支
花,⿱艹化
芳,⿱艹方
芴,⿱艹勿
芵,⿱艹夬
芷,⿱艹止
芸,⿱艹云
芹,⿱艹斤
芻,⿱⿹勹
芽,⿱艹牙
芾,⿱艹巿
苁,⿱艹从
苃,⿱艹友
苄,⿱艹卞
苅,⿱艹刈
苇,⿱艹韦
苈,⿱艹历
苊,⿱艹厄
苋,⿱艹见
苌,⿱艹长
苍,⿱艹仓
苎,⿱艹㝉
苏,⿱艹办
苑,⿱艹夗
苒,⿱艹冉
苓,⿱艹令
苔,⿱艹台
苕,⿱艹召
苗,⿱艹田
苘,⿱艹冋
苙,⿱艹立
苛,⿱艹可
苜,⿱艹目
苞,⿱艹包
苟,⿱艹句
苠,⿱艹民
苡,⿱艹以
苣,⿱艹巨
苤,⿱艹丕
若,⿱艹右
苦,⿱艹古
苧,⿱艹宁
苫,⿱艹占
苯,⿱艹本
英,⿱艹央
苲,⿱艹乍
苴,⿱艹且
苶,艹尒 
苷,⿱艹甘
苹,⿱艹平
苻,⿱艹付
苼,⿱艹生
苽,⿱艹瓜
苾,⿱艹必
苿,⿱艹未
茀,⿱艹弗
茁,⿱艹出
茂,⿱艹戊
范,⿱艹氾
茄,⿱艹加
茅,⿱艹矛
茆,⿱艹卯
茇,⿱艹犮
茈,⿱艹此
茉,⿱艹末
茊,⿱艹丘
茌,⿱艹仕
茎,⿱艹圣
茏,⿱艹龙
茐,⿱艹匆
茑,⿱艹鸟
茔,⿱𫇦土
茕,⿱𫇦卂
茖,⿱艹各
茗,⿱艹名
茚,⿱艹印
茛,⿱艹艮
茜,⿱艹西
茝,⿱艹𦣞
茞,⿱艹臣
茢,⿱艹列
茣,⿱艹吴
茧,⿱艹虫
茨,⿱艹次
茫,⿱艹汒
茬,⿱艹在
茭,⿱艹交
茯,⿱艹伏
茱,⿱艹朱
茲,⿱艹𢆶
茴,⿱艹回
茵,⿱艹因
茶,⿳艹𠆢
茷,⿱艹伐
茸,⿱艹耳
茹,⿱艹如
茺,⿱艹充
茻,⿱艸艸
茼,⿱艹同
茽,⿱艹仲
茾,⿱艹开
茿,⿱艹巩
荀,⿱艹旬
荃,⿱艹全
荄,⿱艹亥
荅,⿱艹合
荆,⿰茾刂
荇,⿱艹行
荈,⿱艹舛
草,⿱艹早
荊,⿱艹刑
荏,⿱艹任
荐,⿱艹存
荑,⿱艹夷
荒,⿱艹巟
荔,⿱艹劦
荖,⿱艹老
荘,⿱艹壮
荚,⿱艹夹
荛,⿱艹尧
荜,⿱艹毕
荞,⿱艹乔
荟,⿱艹会
荠,⿱艹齐
荡,⿱艹汤
荢,⿱艹宇
荣,⿱𫇦木
荤,⿱艹军
荥,⿱𫇦水
荦,⿱𫇦牛
荧,⿱𫇦火
荨,⿱艹寻
荩,⿱艹尽
荪,⿱艹孙
荫,⿱艹阴
荬,⿱艹买
荭,⿱艹红
荮,⿱艹纣
药,⿱艹约
荳,⿱艹豆
荷,⿱艹何
荸,⿱艹孛
荻,⿱艹狄
荼,⿱艹余
荽,⿱艹妥
莁,⿱艹巫
莂,⿱艹別
莅,⿱艹位
莆,⿱艹甫
莉,⿱艹利
莊,⿱艹壯
莎,⿱艹沙
莒,⿱艹吕
莓,⿱艹每
莘,⿱艹辛
莚,⿱艹延
莛,⿱艹廷
莜,⿱艹攸
莞,⿱艹完
莠,⿱艹秀
莢,⿱艹夾
莤,⿱艹酉
莨,⿱艹良
莩,⿱艹孚
莪,⿱艹我
莫,⿱艹旲
莱,⿱艹来
莲,⿱艹连
莳,⿱艹时
莴,⿱艹呙
莶,⿱艹佥
获,⿱艹犾
莸,⿱艹犹
莹,⿱𫇦玉
莺,⿱𫇦鸟
莻,⿱艿叱
莼,⿱艹纯
莽,⿳艹犬
莾,⿱艹奔
莿,⿱艹刺
菀,⿱艹宛
菁,⿱艹青
菂,⿱艹的
菃,⿱艹洰
菄,⿱艹東
菅,⿱艹官
菆,⿱艹取
菇,⿱艹姑
菉,⿱艹录
菊,⿱艹匊
菌,⿱艹囷
菍,⿱艹念
菏,⿱艹河
菐,⿳业䒑
菒,⿱艹杲
菓,⿱艹果
菔,⿱艹服
菕,⿱艹侖
菖,⿱艹昌
菘,⿱艹松
菙,⿱艹垂
菚,⿱艹戔
菜,⿱艹采
菝,⿱艹拔
菞,⿱艹𥝢
菟,⿱艹兔
菠,⿱艹波
菡,⿱艹函
菢,⿱艹抱
菣,⿱艹臤
菥,⿱艹析
菦,⿱艹近
菧,⿱艹底
菨,⿱艹妾
菩,⿱艹咅
菪,⿱艹宕
菬,⿱艹沼
菭,⿱艹治
華,⿱艹⿻
菰,⿱艹孤
菱,⿱艹夌
菲,⿱艹非
菳,⿱艹金
菴,⿱艹奄
菵,⿱艹罔
菸,⿱艹於
菹,⿱艹沮
菽,⿱艹叔
萁,⿱艹其
萃,⿱艹卒
萄,⿱艹匋
萆,⿱艹卑
萈,⿱艹⿷
萊,⿱艹來
萋,⿱艹妻
萌,⿱艹明
萍,⿱艹泙
萎,⿱艹委
萏,⿱艹臽
萑,⿱艹隹
萗,⿱艹宗
萘,⿱艹奈
萚,⿱艹择
萜,⿱艹帖
萝,⿱艹罗
萠,⿱艹朋
萤,⿱𫇦虫
营,⿱𫇦吕
萦,⿱𫇦糸
萧,⿱艹肃
萨,⿱艹⿰
萩,⿱艹秋
萬,⿱艹禺
萱,⿱艹宣
萵,⿱艹咼
萸,⿱艹臾
萼,⿱艹咢
落,⿱艹洛
葆,⿱艹保
葉,⿱艹枼
葋,⿱艹朐
葌,⿱艹姦
葍,⿱艹畐
葎,⿱艹律
葏,⿱艹津
葑,⿱艹封
葔,⿱艹侯
葖,⿱艹突
著,⿱艹者
葙,⿱艹相
葚,⿰艹甚
葛,⿱艹曷
葜,⿱艹契
葞,⿱艹弭
葠,⿱艹侵
葡,⿱艹匍
葢,⿱艹盇
董,⿱艹重
葦,⿱艹韋
葨,⿱艹畏
葩,⿱艹皅
葫,⿱艹胡
葬,⿳艹死
葭,⿱艹叚
葮,⿱艹段
葯,⿱艹約
葰,⿱艹俊
葱,⿱艹怱
葲,⿱艹泉
葳,⿱艹威
葴,⿱艹咸
葵,⿱艹癸
葶,⿱艹亭
葷,⿱艹軍
葸,⿱艹思
葹,⿱艹施
葺,⿱艹咠
葻,⿱艹風
葾,⿱艹怨
蒁,⿱艹述
蒂,⿱艹帝
蒃,⿱艹彖
蒄,⿱艹冠
蒇,⿱艹⿵
蒈,⿱艹皆
蒉,⿱艹贵
蒋,⿱艹将
蒌,⿱艹娄
蒐,⿱艹鬼
蒑,⿱艹殷
蒕,⿱艹𥁕
蒗,⿱艹浪
蒘,⿱艹挐
蒙,⿱艹冡
蒜,⿱艹祘
蒞,⿱艹涖
蒟,⿱艹竘
蒡,⿱艹旁
蒦,⿱艹隻
蒧,⿵茂占
蒨,⿱艹倩
蒪,⿱艹尃
蒭,⿱艹芻
蒯,⿰萠刂
蒲,⿱艹浦
蒴,⿱艹朔
蒷,⿱艹員
蒸,⿱艹烝
蒹,⿱艹兼
蒺,⿱艹疾
蒻,⿱艹弱
蒼,⿱艹倉
蒽,⿱艹恩
蒾,⿱艹迷
蒿,⿱艹高
蓁,⿱艹秦
蓂,⿱艹冥
蓃,⿱艹叟
蓄,⿱艹畜
蓆,⿱艹席
蓇,⿱艹骨
蓉,⿱艹容
蓊,⿱艹翁
蓋,⿱艹盍
蓍,⿱艹耆
蓏,⿱艹㼌
蓐,⿱艹辱
蓑,⿱艹衰
蓓,⿱艹倍
蓔,⿱艹羔
蓕,⿱艹桂
蓖,⿱艹𣬉
蓗,⿱艹徒
蓙,⿱艹座
蓚,⿱艹修
蓛,⿱艹敇
蓝,⿱艹监
蓞,⿱艹舀
蓟,⿱艹𬶀
蓠,⿱艹离
蓡,⿱艹浸
蓣,⿱艹预
蓥,⿱𫇦金
蓦,⿱莫马
蓨,⿱艹脩
蓬,⿱艹逢
蓮,⿱艹連
蓯,⿱艹從
蓰,⿱艹徙
蓱,⿱艹洴
蓳,⿱艹堇
蓴,⿱艹專
蓵,⿱艹捷
蓷,⿱艹推
蓸,⿱艹曹
蓺,⿱艹埶
蓼,⿱艹翏
蓾,⿱艹鹵
蓿,⿱艹宿
蔀,⿱艹部
蔁,⿱艹章
蔂,⿱艹累
蔊,⿱艹焊
蔌,⿱艹欶
蔎,⿱艹設
蔑,⿱𦭝戍
蔓,⿱艹曼
蔔,⿱艹匐
蔗,⿱艹庶
蔘,⿱艹參
蔙,⿱艹旋
蔚,⿱艹尉
蔞,⿱艹婁
蔟,⿱艹族
蔡,⿱艹祭
蔣,⿱艹將
蔥,⿱艹悤
蔦,⿱艹鳥
蔫,⿱艹焉
蔬,⿱艹疏
蔯,⿱艹陳
蔱,⿱艹殺
蔲,⿱艹𡨥
蔴,⿱艹麻
蔵,⿵茂臣
蔷,⿱艹啬
蔸,⿱艹兜
蔺,⿱艹⿵
蔻,⿱艹寇
蔼,⿱艹谒
蔽,⿱艹敝
蔿,⿱艹爲
蕁,⿱艹尋
蕂,⿱艹勝
蕃,⿱艹番
蕅,⿱艹湡
蕇,⿱艹單
蕈,⿱艹覃
蕉,⿱艹焦
蕊,⿱艹惢
蕋,⿱艹歮
蕌,⿱艹晶
蕒,⿱艹買
蕖,⿱艹渠
蕗,⿱艹路
蕘,⿱艹堯
蕙,⿱艹惠
蕚,⿱𦬅咢
蕛,⿱艹稊
蕜,⿱艹悲
蕝,⿱艹絕
蕞,⿱艹最
蕟,⿱艹發
蕡,⿱艹賁
蕣,⿱艹舜
蕤,⿱艹甤
蕦,⿱艹須
蕧,⿱艹復
蕨,⿱艹厥
蕰,⿱艹温
蕲,⿱艹⿰
蕳,⿱艹間
蕵,⿱艹飧
蕷,⿱艹預
蕹,⿱艹雍
蕺,⿱艹戢
蕻,⿱艹⿰
蕼,⿱艹肆
蕾,⿱艹雷
蕿,⿱艹煖
薀,⿱艹溫
薂,⿱艹敫
薃,⿱艹滈
薄,⿱艹溥
薅,⿱艹媷
薆,⿱艹愛
薇,⿱艹微
薋,⿱艹資
薏,⿱艹意
薐,⿱艹稜
薑,⿱艹畺
薔,⿱艹嗇
薖,⿱艹過
薗,⿱艹園
薙,⿱艹雉
薛,⿱艹⿰
薜,⿱艹辟
薝,⿱艹詹
薠,⿱艹煩
薢,⿱艹解
薤,⿱艹𩐁
薦,⿱艹廌
薨,⿱⿳卝
薪,⿱艹新
薭,⿱艹稗
薮,⿱艹数
薯,⿱艹署
薳,⿱艹遠
薷,⿱艹需
薹,⿱艹臺
薾,⿱艹爾
薿,⿱艹疑
藀,⿱艹熒
藁,⿱艹槀
藇,⿱艹與
藉,⿱艹耤
藍,⿱艹監
藏,⿱艹臧
藐,⿱艹貌
藑,⿱艹敻
藓,⿱艹鲜
藕,⿱艹耦
藖,⿱艹賢
藗,⿱艹遬
藘,⿱艹慮
藙,⿱艹毅
藚,⿱艹賣
藛,⿱艹寫
藜,⿱艹黎
藝,⿱蓺云
藞,⿱艹磊
藠,⿱艹皛
藢,⿱艹徵
藣,⿱艹罷
藤,⿱艹滕
藥,⿱艹樂
藦,⿱艹摩
藧,⿱艹緩
藨,⿱艹麃
藩,⿱艹潘
藫,⿱艹潭
藬,⿱艹隤
藭,⿱艹窮
藮,⿱艹樵
藯,⿱艹慰
藰,⿱艹劉
藳,⿱艹稾
藴,⿱艹緼
藵,⿱艹𧛱
藶,⿱艹歷
藷,艹諸 
藺,⿱艹閵
藻,⿱艹澡
蘁,⿱艹噩
蘅,⿱艹衡
蘆,⿱艹盧
蘇,⿱艹穌
蘋,⿱艹頻
蘌,⿱艹禦
蘑,⿱艹磨
蘓,⿱艹𮃣
蘔,⿱艹穎
蘖,⿱薛木
蘘,⿱艹襄
蘧,⿱艹遽
蘩,⿱艹繁
蘪,⿱艹麋
蘭,⿱艹闌
蘸,⿱艹醮
蘼,⿱艹靡
蘿,⿱艹羅
虀,⿱艹韲
虃,⿱艹瀸
虈,⿱艹嚻
虋,⿱艹釁
虎,⿸虍儿
虏,⿸虍力
虐,⿸虍𰀂
虑,⿸虍心
虒,⿸𠂆虎
虔,⿸虍文
處,⿸虍処
虖,⿸虍乎
虗,⿸虍丘
虘,⿸虍且
虙,⿸虍必
虚,⿸虍业
虛,⿸虍⿱
虜,⿸虍男
虝,⿺虎勿
虞,⿸虍吳
號,⿰号虎
虡,⿸虛八
虢,⿰寽虎
虧,⿰雐亏
虬,⿰虫乚
虮,⿰虫几
虯,⿰虫丩
虰,⿰虫丁
虱,⿹⺄䖝
虲,⿰虫卜
虵,⿰虫也
虹,⿰虫工
虺,⿺兀虫
虻,⿰虫亡
虼,⿰虫乞
虽,⿱口虫
虾,⿰虫下
虿,⿱万虫
蚀,⿰饣虫
蚁,⿰虫义
蚂,⿰虫马
蚈,⿰虫开
蚉,文虫 
蚊,⿰虫文
蚋,⿰虫内
蚌,⿰虫丰
蚍,⿰虫比
蚑,⿰虫支
蚒,⿰虫丹
蚓,⿰虫引
蚕,⿱天虫
蚖,⿰虫元
蚘,⿰虫尤
蚜,⿰虫牙
蚝,⿰虫毛
蚡,⿰虫分
蚢,⿰虫亢
蚣,⿰虫公
蚤,⿱㕚虫
蚧,⿰虫介
蚨,⿰虫夫
蚩,⿱㞢虫
蚪,⿰虫斗
蚬,⿰虫见
蚯,⿰虫丘
蚰,⿰虫由
蚱,⿰虫乍
蚴,⿰虫幼
蚵,⿰虫可
蚶,⿰虫甘
蚺,⿰虫冉
蚾,⿰虫皮
蚿,⿰虫玄
蛀,⿰虫主
蛄,⿰虫古
蛆,⿰虫且
蛇,⿰虫它
蛉,⿰虫令
蛊,⿱虫皿
蛋,⿱疋虫
蛎,⿰虫厉
蛏,⿰虫圣
蛐,⿰虫曲
蛑,⿰虫牟
蛔,⿰虫回
蛖,⿰虫尨
蛘,⿰虫羊
蛙,⿰虫圭
蛚,⿰虫列
蛛,⿰虫朱
蛜,⿰虫伊
蛞,⿰虫舌
蛟,⿰虫交
蛡,⿰虫羽
蛢,⿰虫并
蛣,⿰虫吉
蛤,⿰虫合
蛥,⿰虫多
蛩,⿱巩虫
蛬,⿱共虫
蛭,⿰虫至
蛮,⿱𰁜虫
蛯,⿰虫老
蛰,⿱执虫
蛱,⿰虫夹
蛲,⿰虫尧
蛳,⿰虫师
蛴,⿰虫齐
蛶,⿰虫寽
蛷,⿰虫求
蛸,⿰虫肖
蛹,⿰虫甬
蛻,⿰虫兌
蛾,⿰虫我
蜀,⿱罒𠣜
蜁,⿰虫𭻾
蜂,⿰虫夆
蜃,⿸辰虫
蜆,⿰虫見
蜇,⿱折虫
蜈,⿰虫吳
蜉,⿰虫孚
蜊,⿰虫利
蜌,⿰虫坒
蜍,⿰虫余
蜎,⿰虫肙
蜏,⿰虫秀
蜐,⿰虫劫
蜑,⿱延虫
蜒,⿰虫延
蜓,⿰虫廷
蜔,⿰虫甸
蜕,⿰虫兑
蜗,⿰虫呙
蜘,⿰虫知
蜚,⿱非虫
蜜,⿱宓虫
蜞,⿰虫其
蜠,⿰虫囷
蜡,⿰虫昔
蜢,⿰虫孟
蜣,⿰虫羌
蜥,⿰虫析
蜨,⿰虫疌
蜩,⿰虫周
蜪,⿰虫匋
蜫,⿰虫昆
蜮,⿰虫或
蜱,⿰虫卑
蜴,⿰虫易
蜷,⿰虫卷
蜸,⿱臤虫
蜺,⿰虫兒
蜻,⿰虫青
蜽,⿰虫兩
蜾,⿰虫果
蜿,⿰虫宛
蝀,⿰虫東
蝄,⿰虫罔
蝇,⿰虫黾
蝈,⿰虫国
蝉,⿰虫单
蝌,⿰虫科
蝍,⿰虫即
蝎,⿰虫曷
蝓,⿰虫俞
蝕,⿰飠虫
蝗,⿰虫皇
蝘,⿰虫匽
蝙,⿰虫扁
蝝,⿰虫彖
蝟,⿰虫胃
蝠,⿰虫畐
蝣,⿰虫斿
蝤,⿰虫酋
蝥,⿱敄虫
蝦,⿰虫叚
蝨,⿱卂䖵
蝮,⿰虫复
蝰,⿰虫奎
蝴,⿰虫胡
蝶,⿰虫枼
蝸,⿰虫咼
蝹,⿰虫昷
蝺,⿰虫禹
蝻,⿰虫南
蝼,⿰虫娄
蝽,⿰虫春
蝾,⿰虫荣
蝿,⿰虫⿱
螀,⿱将虫
螁,⿰虫退
螂,⿰虫郎
螃,⿰虫旁
螅,⿰虫息
螈,⿰虫原
螋,⿰虫叟
融,⿰鬲虫
螐,⿰虫烏
螑,⿰虫臭
螓,⿰虫秦
螕,⿰虫𣬉
螖,⿰虫骨
螗,⿰虫唐
螘,⿰虫豈
螚,⿱能虫
螝,⿰虫鬼
螞,⿰虫馬
螟,⿰虫冥
螡,⿱文䖵
螢,⿱𤇾虫
螣,⿰月䖭
螤,蚉㬰 
螥,⿰虫倉
螨,⿰虫𬜯
螫,⿱赦虫
螬,⿰虫曹
螭,⿰虫离
螯,⿱敖虫
螳,⿰虫堂
螵,⿰虫票
螺,⿰虫⿱
螽,⿱冬䖵
蟀,⿰虫率
蟂,⿰虫梟
蟆,⿰虫莫
蟊,⿱矛䖵
蟋,⿰虫悉
蟑,⿰虫章
蟒,⿰虫莽
蟓,⿰虫象
蟛,⿰虫彭
蟜,⿰虫喬
蟠,⿰虫番
蟥,⿰虫黄
蟨,⿸厥虫
蟪,⿰虫惠
蟫,⿰虫覃
蟬,⿰虫單
蟭,⿰虫焦
蟮,⿰虫善
蟯,⿰虫堯
蟲,⿱虫䖵
蟳,⿰虫尋
蟹,⿱解虫
蟻,⿰虫義
蟼,⿱敬虫
蟾,⿰虫詹
蟿,⿱𣪠虫
蠃,⿱吂⿲
蠄,⿰虫禽
蠅,⿰虫黽
蠆,⿱萬虫
蠈,⿱賊虫
蠊,⿰虫廉
蠋,⿰虫蜀
蠌,⿰虫睪
蠍,⿰虫歇
蠎,⿰虫莾
蠏,⿰虫解
蠒,⿱爾虫
蠓,⿰虫蒙
蠔,⿰虫豪
蠕,⿰虫需
蠖,⿰虫蒦
蠗,⿰虫翟
蠙,⿰虫賓
蠚,⿱若䖵
蠛,⿰虫蔑
蠜,⿱樊虫
蠝,⿰虫畾
蠡,⿱彖䖵
蠢,⿱春䖵
蠣,⿰虫厲
蠥,⿱辥虫
蠩,⿰虫諸
蠪,⿱龍虫
蠭,⿱逢䖵
蠲,⿰益蜀
蠶,⿱朁䖵
蠷,⿰虫瞿
蠹,⿳⿱𰀉
蠻,⿱龻虫
蠼,⿰虫矍
蠾,⿰虫屬
血,⿱丿皿
衂,⿰血刃
衄,⿰血丑
衅,⿰血半
衋,⿱⿻聿
行,⿰彳亍
衍,⿴行氵
衒,⿴行玄
術,⿴行术
衔,⿴行钅
衕,⿴行同
衖,⿴行共
街,⿴行圭
衘,⿴行𦈢
衙,⿴行吾
衛,⿴行韋
衝,⿴行重
衞,⿴行𮧮
衡,⿴行𩵋
衢,⿴行瞿
衣,⿱亠𧘇
表,⿱龶𧘇
衮,⿴衣公
衰,⿴衣⿻
衷,⿴衣中
衾,⿱今衣
袁,⿱𠮷𧘇
袃,⿱切衣
袅,⿹㇯鸟
袈,⿱加衣
袋,⿱代衣
袌,⿴衣包
袠,⿴衣失
袤,⿴衣矛
袬,⿴衣台
袭,⿱龙衣
裁,⿹𢦏衣
裂,⿱列衣
装,⿱壮衣
裒,⿴衣𦥑
裘,⿱求衣
裛,⿴衣邑
裝,⿱壯衣
裟,⿱沙衣
裳,⿱𫩠衣
裴,⿱非衣
裹,⿴衣果
製,⿱制衣
褎,⿴衣⿰
褏,⿴衣⿰
褒,⿴衣保
褜,⿱胞衣
褧,⿱耿衣
褰,⿱𡨄衣
褱,⿱𰁞𧘇
襄,⿳亠⿱
襞,⿱辟衣
襲,⿱龍衣
襾,⿱一⿻
要,⿱覀女
覂,⿱覀乏
覃,⿱覀早
覅,⿰要勿
覆,⿱覀復
覇,⿱覀䩗
覈,⿱覀敫
覊,⿱覀䩻
見,⿱目儿
見,目儿 
見,目儿,
覍,⿱小見
規,⿰夫見
覐,見爻 
覓,⿱爫見
視,⿰礻見
覗,司見 
覙,⿰尔見
覚,⿱𰃮見
覛,⿰𠂢見
覟,⿰志見
覠,⿰君見
覥,⿰典見
覩,⿰者見
親,⿰亲見
覯,⿰冓見
覵,⿰閒見
覺,⿱𦥯見
觀,⿰雚見
见,⿻冂儿
观,⿰又见
规,⿰夫见
觅,⿱爫见
视,⿰礻见
觇,⿰占见
览,⿱𰀢见
觉,⿱𰃮见
觊,⿰岂见
觋,⿰巫见
觌,⿰卖见
觍,⿰典见
觎,⿰俞见
觏,⿰冓见
觐,⿰堇见
觑,⿰虚见
角,⿱⺈⿵
觓,⿰角丩
觔,⿰角力
觖,⿰角夬
觚,⿰角瓜
觜,⿱此角
觝,⿰角氐
觞,⿰角⿱
解,⿰角𭷔
觥,⿰角光
触,⿰角虫
觫,⿰角束
觭,⿰角奇
觯,⿰角单
觱,⿱咸角
觳,⿹𣪊角
觸,⿰角蜀
觼,⿰角敻
觽,⿰角嶲
訂,⿰訁丁
訃,⿰訁卜
訄,⿺九言
訅,⿰訁九
訆,⿰訁丩
訇,⿹勹言
計,⿰訁十
訉,⿰訁凡
訊,⿰訁卂
訋,⿰訁勺
訌,⿰訁工
討,⿰訁寸
訏,⿰訁于
訐,⿰訁干
訑,⿰訁也
訒,⿰訁刃
訓,⿰訁川
訔,山言 
訕,⿰訁山
託,⿰訁乇
記,⿰訁己
訙,⿰訁丸
訚,⿵门言
訛,⿰訁化
訜,⿰訁分
訝,⿰訁牙
訟,⿰訁公
訡,⿰訁今
訢,⿰訁斤
訣,⿰訁夬
訪,⿰訁方
設,⿰訁殳
訮,⿰訁开
許,⿰訁午
訴,⿰訁斥
訹,⿰訁术
診,⿰訁㐱
註,⿰訁主
証,⿰訁正
訽,⿰訁句
訾,⿱此言
詄,⿰訁失
詅,⿰訁令
詇,⿰訁央
詈,⿱罒言
詐,⿰訁乍
詒,⿰訁台
評,⿰訁平
詖,⿰訁皮
詗,⿰訁冋
詛,⿰訁且
詝,⿰訁宁
詞,⿰訁司
詟,⿱龙言
詠,⿰訁永
詢,⿰訁旬
詣,⿰訁旨
詤,⿰訁㠩
詥,⿰訁合
試,⿰訁式
詧,⿱⿰𱼀
詨,⿰訁交
詩,⿰訁寺
詪,⿰訁艮
詫,⿰訁宅
詬,⿰訁后
詭,⿰訁危
詮,⿰訁全
詯,⿰訁自
詰,⿰訁吉
話,⿰訁舌
該,⿰訁亥
詳,⿰訁羊
詵,⿰訁先
詷,⿰訁同
詸,⿰訁米
詹,⿸厃⿱
詺,⿰訁名
詻,⿰訁各
詼,⿰訁灰
詾,⿰訁匈
詿,⿰訁圭
誇,⿰訁夸
誉,⿱兴言
誊,⿱龹言
誌,⿰訁志
認,⿰訁忍
誓,⿱折言
誕,⿰訁延
誖,⿰訁孛
誘,⿰訁秀
語,⿰訁吾
誠,⿰訁成
誡,⿰訁戒
誤,⿰訁吴
誥,⿰訁告
說,⿰訁兌
誰,⿰訁隹
課,⿰訁果
誳,⿰訁屈
誴,⿰訁宗
誻,⿰訁沓
誽,⿰訁兒
誾,⿵門言
調,⿰訁周
諂,⿰訁臽
諄,⿰訁享
諆,⿰訁其
談,⿰訁炎
諈,⿰訁垂
諉,⿰訁委
請,⿰訁青
諏,⿰訁取
諑,⿰訁豖
諒,⿰訁京
諓,⿰訁戔
論,⿰訁侖
諘,⿰訁表
諛,⿰訁臾
諝,⿰訁胥
諠,⿰訁宣
諡,⿰訁㿽
諥,⿰訁重
諦,⿰訁帝
諧,⿰訁皆
諮,⿰訁咨
諱,⿰訁韋
諸,⿰訁者
諸,訁者 
諹,⿰訁昜
諺,⿰訁彦
謀,⿰訁某
謁,⿰訁曷
謂,⿰訁胃
謇,⿱𡨄言
謏,⿰訁叟
謚,⿰訁益
講,⿰訁冓
謝,⿰訁射
謟,⿰訁舀
謠,⿰訁⿱
謡,⿰訁⿱
謥,⿰訁悤
謦,⿱殸言
謧,⿰訁离
謨,⿰訁莫
謩,⿱莫言
謬,⿰訁翏
謱,⿰訁婁
謴,⿰訁貫
謸,⿰訁敖
謹,⿰訁堇
謺,⿱執言
謽,⿱强言
謿,⿰訁朝
譁,⿰訁華
譃,⿰訁虛
譄,⿰訁曾
譅,⿰訁歰
證,⿰訁登
譌,⿰訁爲
譓,⿰訁惠
譔,⿰訁巽
譗,⿰訁答
識,⿰訁戠
譜,⿰訁普
譞,⿰訁睘
譟,⿰訁喿
譢,⿰訁遂
警,⿱敬言
譫,⿰訁詹
譬,⿱辟言
譯,⿰訁睪
議,⿰訁義
護,⿰訁蒦
譸,⿰訁壽
譻,⿱賏言
譽,⿱與言
讀,⿰訁賣
讈,⿰訁歷
讉,⿰訁遺
變,⿱龻攵
讌,⿰訁燕
讍,⿰訁噩
讏,⿱衞言
讓,⿰訁襄
讕,⿰訁闌
讙,⿰訁雚
讚,⿰訁贊
讛,⿰訁藝
讜,⿰訁黨
讝,⿰訁嚴
讞,⿰訁獻
讟,⿰讀言
讠,訁 |
讠,訁,,
讠,訁,b
讠,訁,c
讠,訁,f
讠,訁,j
讠,訁,l
讠,訁,m
讠,訁,r
讠,訁,s
讠,訁,x
讠,訁,y
计,⿰讠十
订,訂 |
讣,⿰讠卜
认,⿰讠人
讥,⿰讠几
讦,⿰讠干
讧,⿰讠工
讨,⿰讠寸
让,⿰讠上
讪,⿰讠山
讫,⿰讠乞
讬,⿰讠乇
训,⿰讠川
议,⿰讠义
讯,⿰讠卂
记,⿰讠己
讱,⿰讠刃
讲,⿰讠井
讳,⿰讠韦
讴,⿰讠区
讵,⿰讠巨
讶,⿰讠牙
讷,⿰讠内
许,⿰讠午
讹,⿰讠化
论,⿰讠仑
讼,⿰讠公
讽,⿰讠风
设,⿰讠殳
访,⿰讠方
诀,⿰讠夬
证,⿰讠正
诂,⿰讠古
诃,⿰讠可
评,⿰讠平
诅,⿰讠且
识,⿰讠只
诇,⿰讠冋
诈,⿰讠乍
诉,⿰讠斥
诊,⿰讠㐱
诋,⿰讠氐
诌,⿰讠刍
词,⿰讠司
诎,⿰讠出
诏,⿰讠召
诐,⿰讠皮
译,⿰讠𠬤
诒,⿰讠台
诓,⿰讠匡
诔,⿰讠耒
试,⿰讠式
诖,⿰讠圭
诗,⿰讠寺
诘,⿰讠吉
诙,⿰讠灰
诚,⿰讠成
诛,⿰讠朱
诜,⿰讠先
话,⿰讠舌
诞,⿰讠延
诟,⿰讠后
诠,⿰讠全
诡,⿰讠危
询,⿰讠旬
诣,⿰讠旨
诤,⿰讠争
该,⿰讠亥
详,⿰讠羊
诧,⿰讠宅
诨,⿰讠军
诩,⿰讠羽
诪,⿰讠寿
诫,⿰讠戒
诬,⿰讠巫
语,⿰讠吾
诮,⿰讠肖
误,⿰讠吴
诰,⿰讠告
诱,⿰讠秀
诲,⿰讠每
诳,⿰讠狂
说,⿰讠兑
诵,⿰讠甬
诶,⿰讠矣
请,⿰讠青
诸,⿰讠者
诹,⿰讠取
诺,⿰讠若
读,⿰讠卖
诼,⿰讠豖
诽,⿰讠非
课,⿰讠果
诿,⿰讠委
谀,⿰讠臾
谁,⿰讠隹
谂,⿰讠念
调,⿰讠周
谄,⿰讠臽
谅,⿰讠京
谆,⿰讠享
谇,⿰讠卒
谈,⿰讠炎
谉,⿰讠审
谊,⿰讠宜
谋,⿰讠某
谌,⿰讠甚
谍,⿰讠枼
谎,⿰讠荒
谏,⿰讠柬
谐,⿰讠皆
谑,⿰讠虐
谒,⿰讠曷
谓,⿰讠胃
谔,⿰讠咢
谕,⿰讠俞
谖,⿰讠爰
谗,⿰讠𫥎
谘,⿰讠咨
谙,⿰讠音
谚,⿰讠彦
谛,⿰讠帝
谜,⿰讠迷
谝,⿰讠扁
谞,⿰讠胥
谟,⿰讠莫
谠,⿰讠党
谡,⿰讠畟
谢,⿰讠射
谣,⿰讠䍃
谤,⿰讠旁
谥,⿰讠益
谦,⿰讠兼
谧,⿰讠𥁑
谨,⿰讠堇
谩,⿰讠曼
谪,⿰讠啇
谫,⿰讠剪
谬,⿰讠翏
谭,⿰讠覃
谮,⿰讠朁
谯,⿰讠焦
谰,⿰讠阑
谱,⿰讠普
谳,⿰讠献
谴,⿰讠遣
谵,⿰讠詹
谶,⿰讠韱
谷,⿳八人
谻,⿰谷丮
谽,⿰谷含
谿,⿰奚谷
豀,⿰谷奚
豁,⿰害谷
豂,⿰谷翏
豆,⿱𠮛䒑
豇,⿰豆工
豈,⿱山豆
豉,⿰豆支
豊,⿱曲豆
豌,⿰豆宛
豎,⿱臤豆
豐,⿱𠁳豆
豖,⿻豕丶
豗,⿺兀豕
豙,⿱立𧰨
豚,⿰月豕
豠,⿰豕且
象,⿱⺈⿻
豢,⿱龹豕
豦,⿸虍豕
豧,⿰豕甫
豨,⿰豕希
豩,⿰豕豕
豪,⿱⿳亠
豫,⿰予象
豬,⿰豕者
豭,⿰豕叚
豳,⿻山豩
豷,⿰豕壹
豹,⿰豸勺
豺,⿰豸才
貂,⿰豸召
貅,⿰豸休
貉,⿰豸各
貊,⿰豸百
貋,⿰豸旱
貌,⿰豸皃
貍,⿰豸里
貎,⿰豸兒
貏,⿰豸卑
貐,⿰豸俞
貑,⿰豸叚
貓,⿰豸苗
貔,⿰豸𣬉
貗,⿰豸婁
貘,⿰豸莫
貙,⿰豸區
貛,⿰豸雚
貝,⿱目八
貞,⿱⺊貝
負,⿱⺈貝
財,⿰貝才
貢,⿱工貝
貣,⿱弋貝
貤,⿰貝也
貦,⿰貝元
貧,⿱分貝
貨,⿱化貝
販,⿰貝反
貪,⿱今貝
貫,⿱毌貝
責,⿱龶貝
貮,⿹⿽弋
貯,⿰貝宁
貲,⿱此貝
貳,⿹弍貝
貴,⿱𠀐貝
買,⿱罒貝
貸,⿱代貝
費,⿱弗貝
貼,⿰貝占
貽,⿰貝台
貿,⿱⿰𠂎
賀,⿱加貝
賁,⿱卉貝
賂,⿰貝各
賄,⿰貝有
賅,⿰貝亥
資,⿱次貝
賈,⿱覀貝
賊,⿰貝戎
賏,⿰貝貝
賓,⿱⿳宀
賚,⿱來貝
賛,⿱㚘貝
賜,⿰貝易
賞,⿱𫩠貝
賡,⿸庚貝
賢,⿱臤貝
賣,⿱士買
賦,⿰貝武
賨,⿱宗貝
質,⿱斦貝
賮,⿱𭴘貝
賯,⿰貝㝁
賰,⿰貝春
賱,⿰貝軍
賲,⿱保貝
賳,⿰貝哉
賴,⿰束⿱
賸,⿰月⿱
賹,⿰貝益
賺,⿰貝兼
購,⿰貝冓
贀,⿱殹貝
贁,⿰⿱貝
贂,⿰貝參
贄,⿱執貝
贅,⿱敖貝
贆,⿰貝猋
贇,⿱斌貝
贈,⿰貝曾
贉,⿰貝覃
贊,⿱兟貝
贋,⿸雁貝
贌,⿰貝菐
贏,⿵𣎆貝
贝,冂人,
贞,貞 |
负,⿱⺈贝
贠,厶贝 
贡,⿱工贝
财,⿰贝才
责,⿱龶贝
贤,⿱𰀡贝
败,⿰贝攵
账,⿰贝长
货,⿱化贝
质,⿸𠂆⿱
贩,⿰贝反
贪,⿱今贝
贫,⿱分贝
贬,⿰贝乏
购,⿰贝勾
贮,⿰贝㝉
贯,⿱毌贝
贰,⿹弍贝
贱,⿰贝戋
贲,⿱卉贝
贳,⿱世贝
贴,⿰贝占
贵,⿱𠀐贝
贶,⿰贝兄
贷,⿱代贝
贸,⿱⿰𠂎
费,⿱弗贝
贺,加贝 
贻,⿰贝台
贼,⿰贝戎
贽,⿱执贝
贾,⿱覀贝
贿,⿰贝有
赀,⿱此贝
赁,⿱任贝
赂,⿰贝各
赃,⿰贝庄
资,⿱次贝
赅,⿰贝亥
赆,⿰贝尽
赇,⿰贝求
赈,⿰贝辰
赉,⿱来贝
赊,⿰贝佘
赋,⿰贝武
赌,⿰贝者
赍,⿳⿻十
赎,⿰贝卖
赏,⿱𫩠贝
赐,⿰贝易
赑,⿱贝𲂻
赒,⿰贝周
赓,⿸庚贝
赔,⿰贝咅
赕,⿰贝炎
赖,⿰束负
赗,⿰贝冒
赘,⿱敖贝
赙,⿰贝尃
赚,⿰贝兼
赛,⿱𡨄贝
赜,⿰𦣞责
赝,⿸雁贝
赞,⿱兟贝
赟,⿱斌贝
赠,⿰贝曾
赡,⿰贝詹
赢,⿱吂⿲
赣,⿰章⿱
赤,⿱土⿻
赦,⿰赤攵
赧,⿰赤𠬝
赪,⿰赤贞
赫,⿰赤赤
赭,⿰赤者
走,⿱土龰
赲,⿺走力
赳,⿺走丩
赴,⿺走卜
赵,⿺走㐅
赶,⿺走干
起,⿺走巳
赹,⿺走匀
赽,⿺走夬
趁,⿺走㐱
趄,⿺走且
超,⿺走召
越,⿺走戉
趋,⿺走刍
趑,⿺走次
趔,⿺走列
趕,⿺走旱
趙,⿺走肖
趝,⿺走念
趟,⿺走尚
趡,⿺走隹
趣,⿺走取
趤,⿺走宕
趥,⿺走酋
趦,⿺走咨
趧,⿺走是
趨,⿺走芻
趩,⿺走異
趪,⿺走黃
趬,⿺走堯
趮,⿺走喿
趯,⿺走翟
趰,⿺走爾
趱,⿺走赞
足,⿱口龰
趴,⿰𧾷八
趵,⿰𧾷勺
趶,⿰𧾷于
趷,⿰𧾷乞
趸,⿱万足
趹,⿰𧾷夬
趺,⿰𧾷夫
趼,⿰𧾷开
趽,⿰𧾷方
趾,⿰𧾷止
趿,⿰𧾷及
跁,⿰𧾷巴
跂,⿰𧾷支
跃,⿰𧾷夭
跄,⿰𧾷仓
跅,⿰𧾷斥
跆,⿰𧾷台
跈,⿰𧾷㐱
跉,⿰𧾷令
跊,⿰𧾷未
跋,⿰𧾷犮
跌,⿰𧾷失
跍,⿰𧾷古
跎,⿰𧾷它
跏,⿰𧾷加
跐,⿰𧾷此
跑,⿰𧾷包
跒,⿰𧾷可
跓,⿰𧾷主
跔,⿰𧾷句
跖,⿰𧾷石
跗,⿰𧾷付
跘,⿰𧾷半
跚,⿰𧾷册
跛,⿰𧾷皮
距,⿰𧾷巨
跞,⿰𧾷乐
跟,⿰𧾷艮
跡,⿰𧾷亦
跣,⿰𧾷先
跤,⿰𧾷交
跨,⿰𧾷夸
跪,⿰𧾷危
跫,⿱巩足
跬,⿰𧾷圭
路,⿰𧾷各
跰,⿰𧾷并
跱,⿰𧾷寺
跳,⿰𧾷兆
践,⿰𧾷戋
跶,⿰𧾷达
跷,⿰𧾷尧
跸,⿰𧾷毕
跹,⿰𧾷迁
跺,⿰𧾷朵
跻,⿰𧾷齐
跼,𧾷局 
跽,⿰𧾷忌
跾,⿱攸足
踀,⿰𧾷足
踃,⿰𧾷肖
踄,⿰𧾷步
踅,⿱折足
踆,⿰𧾷夋
踉,⿰𧾷良
踊,⿰𧾷甬
踌,⿰𧾷寿
踏,⿰𧾷沓
踐,⿰𧾷戔
踔,⿰𧾷卓
踖,⿰𧾷昔
踘,⿰𧾷匊
踝,⿰𧾷果
踞,⿰𧾷居
踟,⿰𧾷知
踡,⿰𧾷卷
踢,⿰𧾷易
踣,⿰𧾷咅
踥,⿰𧾷妾
踦,⿰𧾷奇
踧,⿰𧾷叔
踨,⿰𧾷⿱
踩,⿰𧾷采
踪,⿰𧾷宗
踫,⿰𧾷並
踬,⿰𧾷质
踮,⿰𧾷店
踯,⿰𧾷郑
踰,⿰𧾷俞
踱,⿰𧾷度
踴,⿰𧾷勇
踵,⿰𧾷重
踸,⿰𧾷甚
踹,⿰𧾷耑
踺,⿰𧾷建
踽,⿰𧾷禹
蹀,⿰𧾷枼
蹁,⿰𧾷扁
蹂,⿰𧾷柔
蹄,⿰𧾷帝
蹅,⿰𧾷查
蹆,⿰𧾷退
蹇,⿱𡨄足
蹈,⿰𧾷舀
蹉,⿰𧾷差
蹊,⿰𧾷奚
蹋,⿰𧾷𦐇
蹌,⿰𧾷倉
蹎,⿰𧾷真
蹑,⿰𧾷聂
蹒,⿰𧾷𬜯
蹓,⿰𧾷留
蹔,⿱斬足
蹖,⿰𧾷舂
蹙,⿱戚足
蹚,⿰𧾷堂
蹞,⿰𧾷頃
蹟,⿰𧾷責
蹠,⿰𧾷庶
蹡,⿰𧾷將
蹣,⿰𧾷㒼
蹤,⿰𧾷從
蹦,⿰𧾷崩
蹧,⿰𧾷曹
蹨,⿰𧾷然
蹩,⿱敝足
蹬,⿰𧾷登
蹭,⿰𧾷曾
蹯,⿰𧾷番
蹰,⿰𧾷厨
蹱,⿰𧾷童
蹲,⿰𧾷尊
蹳,⿰𧾷發
蹴,⿰𧾷就
蹶,⿰𧾷厥
蹷,⿸厥足
蹹,⿰𧾷翕
蹻,⿰𧾷喬
蹼,⿰𧾷菐
蹽,⿰𧾷尞
蹾,⿰𧾷敦
蹿,⿰𧾷窜
躁,⿰𧾷喿
躄,⿱辟足
躅,⿰𧾷蜀
躇,⿰𧾷著
躉,⿱萬足
躍,⿰𧾷翟
躏,⿰𧾷蔺
躔,⿰𧾷廛
躘,⿰𧾷龍
躛,⿱衞足
躜,⿰𧾷赞
躞,⿰𧾷燮
躩,⿰𧾷矍
躬,⿰身弓
躯,⿰身区
躱,⿰身朶
躲,⿰身朵
躶,⿰身果
躺,⿰身尚
躻,⿰身空
躼,⿰身長
躿,⿰身康
軀,⿰身區
軃,⿰身單
軅,⿰身雁
軆,⿰身豊
軇,⿰身壽
軈,⿰身應
軉,⿰身寶
軌,⿰車九
軍,⿱冖車
軎,⿱車口
軏,⿰車兀
軐,⿰車卂
軒,⿰車干
軓,⿰車凡
軔,⿰車刃
軗,⿰車殳
軘,⿰車屯
軙,⿰車攴
軛,⿰車厄
軟,⿰車欠
軠,⿰車壬
軡,⿰車今
転,⿰車云
軣,⿱車⿰
軧,⿰車氐
軬,⿳厶大
軷,⿰車犮
軸,⿰車由
軻,⿰車可
軿,⿰車并
輀,⿰車而
輂,⿱共車
較,⿰車交
輈,⿰車舟
載,⿹𢦏車
輋,⿳山大
輐,⿰車完
輒,⿰車耴
輓,⿰車免
輔,⿰車甫
輖,⿰車周
輗,⿰車兒
輘,⿰車夌
輝,⿰光軍
輥,⿰車昆
輦,⿱㚘車
輧,⿰車幷
輨,⿰車官
輩,⿱非車
輪,⿰車侖
輰,⿰車昜
輳,⿰車奏
輴,⿰車盾
輵,⿰車曷
輶,⿰車酋
輸,⿰車俞
輻,⿰車畐
輽,⿰車畚
輾,⿰車展
輿,⿳⿴𦥑
轂,⿹𣪊車
轇,⿰車翏
轉,⿰車專
轋,⿰車連
轎,⿰車喬
轓,⿰車番
轕,⿰車葛
轗,⿰車感
轘,⿰車睘
轝,⿱與車
轟,⿱車䡛
轥,⿰車藺
轧,⿰车乚
轨,⿰车九
轩,⿰车干
轪,⿰车大
轫,⿰车刃
转,⿰车专
轭,⿰车厄
轮,⿰车仑
软,⿰车欠
轰,⿱车双
轱,⿰车古
轲,⿰车可
轳,⿰车卢
轴,⿰车由
轵,⿰车只
轶,⿰车失
轷,⿰车乎
轸,⿰车㐱
轹,⿰车乐
轺,⿰车召
轻,⿰车𢀖
轼,⿰车式
载,⿹𢦏车
轾,⿰车至
轿,⿰车乔
辀,⿰车舟
辁,⿰车全
辂,⿰车各
较,⿰车交
辄,⿰车耴
辅,⿰车甫
辆,⿰车两
辇,⿱㚘车
辈,⿱非车
辉,⿰光军
辊,⿰车昆
辋,⿰车罔
辌,⿰车京
辍,⿰车叕
辏,⿰车奏
辐,⿰车畐
辑,⿰车咠
辒,⿰车昷
输,⿰车俞
辔,⿱⿲纟
辕,⿰车袁
辖,⿰车害
辗,⿰车展
辘,⿰车鹿
辙,⿲车育
辚,⿰车粦
辛,⿱立十
辜,⿱古辛
辞,⿰舌辛
辟,⿰𡰪辛
辢,⿰束辛
辣,⿰辛束
辥,⿰⿱屮
辦,⿲辛力
辨,⿲辛⿰
辩,⿲辛讠
辫,⿲辛纟
辭,⿰𤔔辛
辯,⿲辛訁
辱,⿱辰寸
農,⿱曲辰
辵,⿱彡龰
边,⿺辶力
辻,⿺辶十
込,⿺辶入
辽,⿺辶了
达,⿺辶大
迁,⿺辶千
迂,⿺辶于
迄,⿺辶乞
迅,⿺辶卂
迆,⿺辶也
过,⿺辶寸
迈,⿺辶万
迋,⿺辶王
迎,⿺辶卬
迏,⿺辶太
运,⿺辶云
近,⿺辶斤
迒,⿺辶亢
迓,⿺辶牙
返,⿺辶反
迕,⿺辶午
还,⿺辶不
这,⿺辶文
进,⿺辶井
远,⿺辶元
违,⿺辶韦
连,⿺辶车
迟,⿺辶尺
迢,⿺辶召
迤,⿺辶㐌
迥,⿺辶冋
迦,⿺辶加
迨,⿺辶台
迩,⿺辶尔
迪,⿺辶由
迫,⿺辶白
迭,⿺辶失
迮,⿺辶乍
迯,⿺辶外
述,⿺辶术
迳,⿺辶𢀖
迴,⿺辶回
迶,⿺辶有
迷,⿺辶米
迸,⿺辶并
迹,⿺辶亦
迺,⿺辶西
迻,⿺辶多
追,⿺辶𠂤
退,⿺辶艮
送,⿺辶关
适,⿺辶舌
逃,⿺辶兆
逄,⿺辶夅
逅,⿺辶后
逆,⿺辶屰
逇,⿺辶地
选,⿺辶先
逊,⿺辶孙
逋,⿺辶甫
逌,⿺辶卣
逍,⿺辶肖
透,⿺辶秀
逐,⿺辶豕
逑,⿺辶求
递,⿺辶弟
逓,⿺辶乕
途,⿺辶余
逖,⿺辶狄
逗,⿺辶豆
這,⿺辶言
通,⿺辶甬
逛,⿺辶狂
逝,⿺辶折
逞,⿺辶呈
速,⿺辶束
造,⿺辶告
逡,⿺辶夋
逢,⿺辶夆
連,⿺辶車
逤,⿺辶沙
逦,⿺辶丽
逭,⿺辶官
逮,⿺辶隶
逯,⿺辶录
週,⿺辶周
進,⿺辶隹
逵,⿺辶坴
逶,⿺辶委
逷,⿺辶易
逸,⿺辶兔
逻,⿺辶罗
逼,⿺辶畐
逾,⿺辶俞
逿,⿺辶昜
遀,⿺辶⿱
遁,⿺辶盾
遂,⿺辶㒸
遄,⿺辶耑
遆,⿺辶帝
遇,⿺辶禺
遈,⿺辶是
遊,⿺辶斿
運,⿺辶軍
遍,⿺辶扁
過,⿺辶咼
遏,⿺辶曷
遐,⿺辶叚
遑,⿺辶皇
遒,⿺辶酋
道,⿺辶首
達,⿺辶𦍒
違,⿺辶韋
遗,⿺辶贵
遘,⿺辶冓
遙,⿺辶⿱
遛,⿺辶留
遜,⿺辶孫
遝,⿺辶眔
遞,⿺辶虒
遠,⿺辶袁
遡,⿺辶朔
遢,⿺辶𦐇
遣,⿺辶⿱
遥,⿺辶⿱
遨,⿺辶敖
適,⿺辶啇
遬,⿺辶欶
遭,⿺辶曹
遮,⿺辶庶
遯,⿺辶豚
遲,⿺辶犀
遴,⿺辶粦
遵,⿺辶尊
遶,⿺辶堯
遷,⿺辶䙴
選,⿺辶巽
遺,⿺辶貴
遽,⿺辶豦
避,⿺辶辟
邀,⿺辶敫
邁,⿺辶萬
邂,⿺辶解
邃,⿺辶⿱
還,⿺辶睘
邅,⿺辶亶
邆,⿺辶登
邇,⿺辶爾
邈,⿺辶貌
邉,⿺辶⿳
邊,⿺辶臱
邌,⿺辶黎
邏,⿺辶羅
邓,⿰又阝
邔,⿰己阝
邗,⿰干阝
邘,⿰于阝
邙,⿰亡阝
邛,⿰工阝
邝,⿰广阝
邠,⿰分阝
邡,⿰方阝
邢,⿰开阝
那,⿰𭃂阝
邥,⿰冘阝
邦,⿰丰阝
邨,⿰屯阝
邪,⿰牙阝
邫,⿰丰邑
邬,⿰乌阝
邮,⿰由阝
邯,⿰甘阝
邰,⿰台阝
邱,⿰丘阝
邲,⿰必阝
邳,⿰丕阝
邴,⿰丙阝
邵,⿰召阝
邶,⿰北阝
邸,⿰氐阝
邹,⿰刍阝
邺,⿰业阝
邻,⿰令阝
邼,⿰匡阝
邽,⿰圭阝
邾,⿰朱阝
邿,⿰寺阝
郀,⿰夸阝
郁,⿰有阝
郃,⿰合阝
郄,⿰𠫤阝
郅,⿰至阝
郇,⿰旬阝
郈,⿰后阝
郊,⿰交阝
郋,⿰自阝
郎,⿰良阝
郏,⿰夹阝
郐,⿰会阝
郑,⿰关阝
郓,⿰军阝
郕,⿰成阝
郗,⿰希阝
郘,⿰吕阝
郙,⿰甫阝
郛,⿰孚阝
郜,⿰告阝
郝,⿰赤阝
郞,⿰良阝
郟,⿰夾阝
郡,⿰君阝
郢,⿰呈阝
郤,⿰谷阝
郦,⿰丽阝
郧,⿰员阝
部,⿰咅阝
郪,⿰妻阝
郫,⿰卑阝
郭,⿰享阝
郯,⿰炎阝
郴,⿰林阝
郵,⿰垂阝
郸,⿰单阝
都,⿰者阝
郾,⿰匽阝
郿,⿰眉阝
鄂,⿰咢阝
鄄,⿰垔阝
鄉,⿰乡郎
鄍,⿰冥阝
鄑,⿰晋阝
鄗,⿰高阝
鄘,⿰庸阝
鄙,⿰啚阝
鄚,⿰莫阝
鄜,⿰鹿阝
鄞,⿰堇阝
鄟,⿰專阝
鄡,⿰梟阝
鄢,⿰焉阝
鄣,⿰章阝
鄤,⿰曼阝
鄦,⿰無阝
鄧,⿰登阝
鄩,⿰尋阝
鄫,⿰曾阝
鄬,⿰爲阝
鄮,⿰貿阝
鄯,⿰善阝
鄰,⿰粦阝
鄱,⿰番阝
鄳,⿰黽阝
鄶,⿰會阝
鄷,⿰豊阝
鄹,⿰聚阝
鄺,⿰廣阝
鄽,⿰廛阝
鄿,⿰蕇阝
酀,⿰燕阝
酁,⿰毚阝
酂,⿰赞阝
酃,⿰霝阝
酆,⿰豐阝
酇,⿰贊阝
酉,⿴西一
酊,⿰酉丁
酋,⿱丷酉
酌,⿰酉勺
配,⿰酉己
酎,⿰酉寸
酐,⿰酉干
酒,⿰氵酉
酓,⿱今酉
酖,⿰酉冘
酗,⿰酉凶
酚,⿰酉分
酝,⿰酉云
酞,⿰酉太
酡,⿰酉它
酢,⿰酉乍
酣,⿰酉甘
酤,⿰酉古
酥,⿰酉禾
酦,⿰酉发
酨,⿹𢦏酉
酩,⿰酉名
酪,⿰酉各
酬,⿰酉州
酮,⿰酉同
酯,⿰酉旨
酰,⿰酉先
酱,⿱⿰丬
酲,⿰酉呈
酳,⿰酉⿱
酴,⿰酉余
酵,⿰酉孝
酶,⿰酉每
酷,⿰酉告
酸,⿰酉夋
酹,⿰酉寽
酺,⿰酉甫
酼,⿰酉㐬
酽,⿰酉严
酾,⿰酉丽
酿,⿰酉良
醁,⿰酉录
醃,⿰酉奄
醄,⿰酉匋
醅,⿰酉咅
醆,⿰酉戔
醇,⿰酉享
醉,⿰酉卒
醊,⿰酉叕
醋,⿰酉昔
醌,⿰酉昆
醍,⿰酉是
醎,⿰酉咸
醐,⿰酉胡
醑,⿰酉胥
醒,⿰酉星
醕,⿰酉亯
醖,⿰酉昷
醚,⿰酉迷
醛,⿰酉荃
醜,⿰酉鬼
醞,⿰酉𥁕
醡,⿰酉窄
醢,⿰酉𥁓
醣,⿰酉唐
醥,⿰酉票
醨,⿰酉离
醪,⿰酉翏
醫,⿱殹酉
醭,⿰酉菐
醮,⿰酉焦
醯,⿰酉⿱
醰,⿰酉覃
醱,⿰酉發
醲,⿰酉農
醴,⿰酉豊
醵,⿰酉豦
醻,⿰酉壽
醼,⿰酉燕
醽,⿰酉霝
醾,⿰酉糜
醿,⿰酉縻
釀,⿰酉襄
釁,⿳⿴𦥑
釆,⿱丿米
采,⿱爫木
釉,⿰釆由
释,⿰釆𠬤
釋,⿰釆睪
里,⿱田土
重,⿱千里
野,⿰里予
量,⿱旦里
釐,⿸𠩺里
釔,⿰釒乙
釘,⿰釒丁
釙,⿰釒卜
釛,⿰釒力
釜,⿱父⿻
針,⿰釒十
釟,⿰釒八
釠,⿰釒几
釡,⿱八金
釢,⿰釒乃
釣,⿰釒勺
釤,⿰釒彡
釥,⿰釒小
釦,⿰釒口
釪,⿰金于
釭,⿰釒工
釱,⿰釒大
鈂,⿰釒冘
鈆,⿰釒公
鈇,⿰釒夫
鈉,⿰釒内
鈍,⿰釒屯
鈕,⿰釒丑
鈖,⿰釒分
鈙,⿰釒攴
鈡,⿰釒中
鈣,⿰釒丐
鈤,⿰釒日
鈦,⿰釒太
鈧,⿰釒亢
鈨,⿰釒元
鈩,⿰釒户
鈪,⿰釒厄
鈰,⿰釒市
鈱,⿰釒民
鈴,⿰釒令
鈵,⿰釒丙
鈶,⿰釒台
鈸,⿰釒犮
鈺,⿰釒玉
鈽,⿰釒布
鈾,⿰釒由
鈿,⿰釒田
鉀,⿰釒甲
鉁,⿰釒㐱
鉂,⿰釒史
鉃,⿰釒矢
鉄,⿰釒失
鉅,⿰釒巨
鉍,⿰釒必
鉏,⿰釒且
鉐,⿰釒石
鉔,⿰釒匝
鉤,⿰釒句
鉴,⿱𰀢金
鉼,⿰釒并
銀,⿰釒艮
銅,⿰釒同
銊,⿰釒戌
銌,⿰釒存
銎,⿱巩金
銑,⿰釒先
銒,⿰釒幵
銓,⿰釒全
銘,⿰釒名
銙,⿰釒夸
銜,⿲彳釒
銝,⿰釒休
銦,⿰釒因
銧,⿰釒光
銮,⿱𰁜金
銳,⿰釒兌
銶,⿰釒求
銷,⿰釒肖
鋂,⿰釒每
鋅,⿰釒辛
鋆,⿱均金
鋇,⿰釒貝
鋈,⿱沃金
鋊,⿰釒谷
鋋,⿰釒延
鋎,⿰釒完
鋐,⿰釒宏
鋒,⿰釒夆
鋕,⿰釒志
鋤,⿰釒助
鋪,⿰釒甫
鋫,⿱利金
鋬,⿱扳金
鋭,⿰釒兑
鋰,⿰釒里
鋵,⿰釒秃
鋷,⿰釒取
鋹,⿰釒長
鋺,⿰釒宛
鋻,⿱臤金
鋼,⿰釒岡
鋾,⿰釒匋
錃,⿱波金
錄,⿰釒彔
錆,⿰釒青
錈,⿰釒卷
錏,⿰釒亞
錗,⿰釒委
錞,⿰釒享
錠,⿰釒定
錢,⿰釒戔
錣,⿰釒叕
錥,⿰釒育
錦,⿰釒帛
錨,⿰釒苗
錫,⿰釒易
錯,⿰釒昔
録,⿰釒录
錾,⿱斩金
鍂,⿰釒金
鍊,⿰釒柬
鍋,⿰釒咼
鍍,⿰釒度
鍎,⿰釒盾
鍏,⿰釒韋
鍐,⿰釒㚇
鍑,⿰釒复
鍓,⿰釒咠
鍔,⿰釒咢
鍛,⿰釒段
鍟,⿰釒星
鍤,⿰釒臿
鍥,⿰釒契
鍦,⿰釒施
鍧,⿰釒訇
鍩,⿰釒若
鍪,⿱敄金
鍬,⿰釒秋
鍮,⿰釒俞
鍳,⿱⿰臣
鍵,⿰釒建
鍸,⿰釒胡
鍼,⿰釒咸
鎇,⿰釒眉
鎋,⿰釒害
鎌,⿰釒兼
鎍,⿰釒索
鎏,⿱流金
鎔,⿰釒容
鎖,⿰釒𧴪
鎗,⿰釒倉
鎘,⿰釒鬲
鎚,⿰釒追
鎪,⿰釒叟
鎭,⿰釒眞
鎮,⿰釒真
鎯,⿰釒郎
鎰,⿰釒益
鎲,⿰釒党
鎴,⿰釒息
鎸,⿰釒隽
鏂,⿰釒區
鏆,⿰釒貫
鏈,⿰釒連
鏉,釒欶 
鏊,⿱敖金
鏍,⿰釒累
鏏,⿰釒彗
鏐,⿰釒翏
鏕,⿰釒鹿
鏖,⿸鹿金
鏘,⿰釒將
鏟,⿰釒産
鏡,⿰釒竟
鏢,⿰釒票
鏤,⿰釒婁
鏦,⿰釒從
鏭,⿰釒悉
鏰,⿰釒崩
鏱,⿰釒章
鏻,⿰釒粦
鏽,⿰釒肅
鏿,⿰釒棠
鐄,⿰釒黄
鐇,⿰釒番
鐎,⿰釒焦
鐏,⿰釒尊
鐐,⿰釒尞
鐑,⿰釒結
鐓,⿰釒敦
鐖,⿰釒幾
鐘,⿰釒童
鐣,⿰釒掌
鐤,⿰釒鼎
鐧,⿰釒間
鐨,⿰釒費
鐬,⿰釒歲
鐮,⿰釒廉
鐰,⿰釒喿
鐲,⿰釒蜀
鐳,⿰釒雷
鐴,⿰釒辟
鐵,⿰釒𢧜
鐷,⿰釒葉
鐻,⿰釒豦
鐾,⿱辟金
鐿,⿰釒意
鑀,⿰釒愛
鑄,⿰釒壽
鑊,⿰釒蒦
鑑,⿰釒監
鑕,⿰釒質
鑘,⿰釒畾
鑛,⿰釒廣
鑟,⿰釒賣
鑢,⿰釒慮
鑣,⿰釒麃
鑨,⿰釒龍
鑫,⿱金鍂
鑮,⿰釒薄
鑱,⿰釒毚
鑲,⿰釒襄
鑵,⿰釒雚
鑷,⿰釒聶
鑽,⿰釒贊
鑾,⿱龻金
鑿,⿱𣫞金
钁,⿰釒矍
钃,⿰釒屬
钆,⿰钅乚
钇,⿰钅乙
针,⿰钅十
钉,⿰钅丁
钊,⿰钅刂
钋,⿰钅卜
钌,⿰钅了
钍,⿰钅土
钎,⿰钅千
钏,⿰钅川
钐,⿰钅彡
钑,⿰钅及
钒,⿰钅凡
钓,⿰钅勺
钔,⿰钅门
钕,⿰钅女
钖,⿰钅𠃓
钗,⿰钅叉
钘,⿰钅开
钙,⿰钅丐
钚,⿰钅不
钛,⿰钅太
钜,⿰钅巨
钝,⿰钅屯
钞,⿰钅少
钟,⿰钅中
钠,⿰钅内
钡,⿰钅贝
钢,⿰钅冈
钣,⿰钅反
钤,⿰钅今
钥,⿰钅月
钦,⿰钅欠
钧,⿰钅匀
钨,⿰钅乌
钩,⿰钅勾
钪,⿰钅亢
钫,⿰钅方
钬,⿰钅火
钭,⿰钅斗
钮,⿰钅丑
钯,⿰钅巴
钰,⿰钅玉
钱,⿰钅戋
钲,⿰钅正
钳,⿰钅甘
钴,⿰钅古
钵,⿰钅本
钶,⿰钅可
钷,⿰钅叵
钸,⿰钅布
钹,⿰钅犮
钺,⿰钅戉
钻,⿰钅占
钼,⿰钅目
钽,⿰钅旦
钾,⿰钅甲
钿,⿰钅田
铀,⿰钅由
铁,⿰钅失
铂,⿰钅白
铃,⿰钅令
铄,⿰钅乐
铆,⿰钅卯
铈,⿰钅市
铉,⿰钅玄
铊,⿰钅它
铋,⿰钅必
铌,⿰钅尼
铍,⿰钅皮
铎,⿰钅𠬤
铏,⿰钅刑
铐,⿰钅考
铑,⿰钅老
铒,⿰钅耳
铓,⿰钅芒
铔,⿰钅亚
铕,⿰钅有
铖,⿰钅成
铗,⿰钅夹
铙,⿰钅尧
铚,⿰钅至
铛,⿰钅当
铜,⿰钅同
铝,⿰钅吕
铞,⿰钅吊
铟,⿰钅因
铠,⿰钅岂
铡,⿰钅则
铢,⿰钅朱
铣,⿰钅先
铤,⿰钅廷
铥,⿰钅丢
铦,⿰钅舌
铧,⿰钅华
铨,⿰钅全
铩,⿰钅杀
铪,⿰钅合
铫,⿰钅兆
铬,⿰钅各
铭,⿰钅名
铮,⿰钅争
铯,⿰钅色
铰,⿰钅交
铱,⿰钅衣
铲,⿰钅产
铳,⿰钅充
铵,⿰钅安
银,⿰钅艮
铷,⿰钅如
铸,⿰钅寿
铹,⿰钅劳
铺,⿰钅甫
铻,⿰钅吾
铼,⿰钅来
铽,⿰钅忒
链,⿰钅连
铿,⿰钅坚
销,⿰钅肖
锁,⿰钅𭕆
锂,⿰钅里
锃,⿰钅呈
锄,⿰钅助
锅,⿰钅呙
锆,⿰钅告
锇,⿰钅我
锈,⿰钅秀
锉,⿰钅坐
锊,⿰钅寽
锋,⿰钅夆
锌,⿰钅辛
锍,⿰钅㐬
锎,⿰钅𫔭
锏,⿰钅间
锐,⿰钅兑
锑,⿰钅弟
锒,⿰钅良
锓,⿰钅𠬶
锔,⿰钅局
锕,⿰钅阿
锖,⿰钅青
锗,⿰钅者
锘,⿰钅若
错,⿰钅昔
锚,⿰钅苗
锛,⿰钅奔
锜,⿰钅奇
锝,⿰钅㝵
锞,⿰钅果
锟,⿰钅昆
锡,⿰钅易
锢,⿰钅固
锣,⿰钅罗
锤,⿰钅垂
锥,⿰钅隹
锦,⿰钅帛
锧,⿰钅质
锨,⿰钅欣
锩,⿰钅卷
锪,⿰钅忽
锫,⿰钅咅
锬,⿰钅炎
锭,⿰钅定
键,⿰钅建
锯,⿰钅居
锰,⿰钅孟
锲,⿰钅契
锳,⿰钅英
锴,⿰钅皆
锵,⿰钅将
锶,⿰钅思
锷,⿰钅咢
锸,⿰钅臿
锹,⿰钅秋
锺,⿰钅重
锻,⿰钅段
锼,⿰钅叟
锽,⿰钅皇
锾,⿰钅爰
锿,⿰钅哀
镀,⿰钅度
镁,⿰钅美
镂,⿰钅娄
镃,⿰钅兹
镄,⿰钅费
镅,⿰钅眉
镆,⿰钅莫
镇,⿰钅真
镈,⿰钅尃
镉,⿰钅鬲
镊,⿰钅聂
镌,⿰钅隽
镍,⿰钅臬
镎,⿰钅拿
镏,⿰钅留
镐,⿰钅高
镑,⿰钅旁
镒,⿰钅益
镓,⿰钅家
镔,⿰钅宾
镕,⿰钅容
镖,⿰钅票
镗,⿰钅堂
镘,⿰钅曼
镙,⿰钅累
镚,⿰钅崩
镛,⿰钅庸
镜,⿰钅竟
镝,⿰钅啇
镞,⿰钅族
镟,⿰钅旋
镠,⿰钅翏
镡,⿰钅覃
镢,⿰钅厥
镣,⿰钅尞
镤,⿰钅菐
镥,⿰钅鲁
镦,⿰钅敦
镧,⿰钅阑
镨,⿰钅普
镩,⿰钅窜
镪,⿰钅强
镫,⿰钅登
镬,⿰钅蒦
镭,⿰钅雷
镮,⿰钅睘
镯,⿰钅蜀
镰,⿰钅廉
镱,⿰钅意
镲,⿰钅察
镳,⿰钅麃
镵,⿰钅毚
镶,⿰钅襄
長,⿱⿺丄
镸,⿱⿰丨
镻,⿰镸失
长,⿺⿸⿻
閃,⿵門人
閉,⿵門才
開,⿵門开
閏,⿵門王
閑,⿵門木
閒,⿵門月
間,⿵門日
閔,⿵門文
閗,⿵門斗
閛,⿵門平
閟,⿵門必
閣,⿵門各
閤,⿵門合
閧,⿵門共
閬,⿵門良
閭,⿵門呂
閮,⿵門廷
閯,⿵門沙
閰,⿵門臼
閱,⿵門兌
閳,⿵門車
閴,⿵門貝
閵,⿵門隹
閶,⿵門昌
閷,⿰⿱㐅
閹,⿵門奄
閺,⿵門旻
閻,⿵門臽
閽,⿵門昏
閾,⿵門或
閿,⿵門受
闀,⿵門巷
闃,⿵門狊
闄,⿵門要
闅,⿵門𥄎
闆,⿵門品
闇,⿵門音
闉,⿵門垔
闊,⿵門活
闌,⿵門柬
闍,⿵門者
闒,⿵門𦐇
闕,⿵門欮
闚,⿵門規
闛,⿵門堂
關,⿵門𢇇
闞,⿵門敢
闟,⿵門翕
闡,⿵門單
闢,⿵門辟
闩,⿵门一
闪,⿵门人
闫,⿵门三
闭,⿵门才
问,⿵门口
闯,⿵门马
闰,⿵门王
闱,⿵门韦
闲,⿵门木
闳,⿵门厷
间,⿵门日
闵,⿵门文
闶,⿵门亢
闷,⿵门心
闸,⿵门甲
闹,⿵门市
闺,⿵门圭
闻,⿵门耳
闼,⿵门达
闽,⿵门虫
闾,⿵门吕
闿,⿵门岂
阀,⿵门伐
阁,⿵门各
阂,⿵门亥
阃,⿵门困
阄,⿵门龟
阅,⿵门兑
阆,⿵门良
阇,⿵门者
阈,⿵门或
阉,⿵门奄
阊,⿵门昌
阋,⿵门兒
阌,⿵门受
阍,⿵门昏
阎,⿵门臽
阏,⿵门於
阐,⿵门单
阑,⿵门柬
阒,⿵门狊
阓,⿵门贵
阔,⿵门活
阕,⿵门癸
阖,⿵门盍
阗,⿵门真
阘,⿵门𦐇
阙,⿵门欮
阚,⿵门敢
阛,⿵门睘
阜,⿱𠂤十
阞,⿰阝力
队,⿰阝人
阡,⿰阝千
阢,⿰阝兀
阤,⿰阝也
阨,⿰阝厄
阪,⿰阝反
阮,⿰阝元
阯,⿰阝止
阱,⿰阝井
防,⿰阝方
阳,⿰阝日
阴,⿰阝月
阵,⿰阝车
阶,⿰阝介
阸,⿰阝戹
阻,⿰阝且
阼,⿰阝乍
阽,⿰阝占
阿,⿰阝可
陀,⿰阝它
陁,⿰阝㐌
陂,⿰阝皮
附,⿰阝付
际,⿰阝示
陆,⿰阝击
陇,⿰阝龙
陈,⿰阝东
陉,⿰阝𢀖
陋,⿰阝𫠥
陌,⿰阝百
降,⿰阝夅
陏,⿰阝有
限,⿰阝艮
陔,⿰阝亥
陕,⿰阝夹
陗,⿰阝肖
陙,⿰阝辰
陛,⿰阝坒
陜,⿰阝夾
陝,⿰阝㚒
陞,⿰阝𡉼
陟,⿰阝步
陠,⿰阝甫
陡,⿰阝走
院,⿰阝完
陣,⿰阝車
除,⿰阝余
陧,⿰阝圼
陨,⿰阝员
险,⿰阝佥
陪,⿰阝咅
陬,⿰阝取
陮,⿰阝隹
陰,⿰阝侌
陲,⿰阝垂
陳,⿰阝東
陴,⿰阝卑
陵,⿰阝夌
陶,⿰阝匋
陷,⿰阝臽
陸,⿰阝坴
陻,⿰阝垔
陼,⿰阝者
陽,⿰阝昜
隂,⿰阝⿱
隃,⿰阝俞
隄,⿰阝是
隅,⿰阝禺
隆,⿰阝⿳
隈,⿰阝畏
隊,⿰阝㒸
隋,⿰阝⿱
隍,⿰阝皇
階,⿰阝皆
随,⿰阝迶
隐,⿰阝急
隔,⿰阝鬲
隗,⿰阝鬼
隘,⿰阝益
隙,⿰阝𡭴
際,⿰阝祭
障,⿰阝章
隝,⿰阝鳥
隤,⿰阝貴
隥,⿰阝登
隦,⿰阝辟
隧,⿰阝遂
隨,⿰阝遀
隩,⿰阝奧
險,⿰阝僉
隰,⿰阝㬎
隱,⿰阝㥯
隳,⿱隋𠇍
隶,⿻⺕氺
隸,⿰柰隶
隺,⿻冖隹
隻,⿱隹又
隼,⿱隹十
隽,⿱隹乃
难,⿰又隹
雀,⿱小隹
雁,⿸厂倠
雄,⿰厷隹
雅,⿰牙隹
集,⿱隹木
雇,⿸户隹
雈,⿱⻀隹
雉,⿰矢隹
雊,⿰句隹
雋,⿱隹⿲
雌,⿰此隹
雍,⿱亠𱁈
雎,⿰且隹
雏,⿰刍隹
雐,⿸虍隹
雑,⿰杂隹
雒,⿰各隹
雔,⿰隹隹
雕,⿰周隹
雖,⿰虽隹
雘,⿰丹蒦
雙,⿰雔又
雚,⿱艹𨾴
雜,⿰𰗣隹
雞,⿰奚隹
雠,⿴雔讠
離,⿰离隹
難,⿰⿱廿
雪,⿱⻗𫜹
雮,⿱雨毛
雯,⿱雨文
雰,⿱雨分
雱,⿱雨方
雲,⿱⻗云
雳,⿱⻗历
雷,⿱⻗田
雹,⿱雨包
電,⿱⻗⿻
雾,⿱雨务
需,⿱⻗而
霁,⿱雨齐
霂,⿱⻗沐
霄,⿱雨肖
霆,⿱雨廷
霈,⿱雨沛
霎,⿱雨妾
霑,⿱⻗沾
霓,⿱⻗兒
霖,⿱雨林
霘,⿱雨洞
霚,⿱雨敄
霜,⿱雨相
霝,⿱⻗𠱠
霞,⿱⻗叚
霠,⿱雨⿰
霣,⿱雨員
霤,⿱雨留
霧,⿱雨務
霨,⿱雨尉
霩,⿱雨郭
霪,⿱雨淫
霫,⿱雨習
霭,⿱⻗谒
霮,⿱雨湛
霰,⿱雨散
霳,⿱雨隆
霹,⿱雨辟
霾,⿱雨貍
靃,⿱雨雔
靄,⿱⻗謁
靈,⿱霝巫
靉,⿰雲愛
青,⿱龶月
靓,⿰青见
靖,⿰立青
静,⿰青争
靛,⿰青定
靜,⿰青爭
靠,⿱告非
靡,⿸麻非
面,⿱丆囬
靣,⿱丆回
靥,⿸厌面
靦,⿰面見
靭,⿰革刃
靮,⿰革勺
靰,⿰革兀
靱,⿰革刄
靳,⿰革斤
靴,⿰革化
靵,⿰革丑
靶,⿰革巴
靸,⿰革及
靹,⿰革内
靺,⿰革末
靼,⿰革旦
靿,⿰革幼
鞄,⿰革包
鞅,⿰革央
鞊,⿰革吉
鞋,⿰革圭
鞍,⿰革安
鞎,⿰革艮
鞏,⿱巩革
鞑,⿰革达
鞒,⿰革乔
鞓,⿰革呈
鞔,⿰革免
鞖,⿰革妥
鞗,⿲亻丨
鞘,⿰革肖
鞚,⿰革空
鞛,⿰革咅
鞝,⿰革尚
鞠,⿰革匊
鞡,⿰革拉
鞣,⿰革柔
鞦,⿰革秋
鞧,⿰革酋
鞨,⿰革曷
鞪,⿰敄革
鞫,⿰革訇
鞬,⿰革建
鞭,⿰革便
鞮,⿰革是
鞯,⿰革荐
鞲,⿰革冓
鞴,⿰革𤰇
鞺,⿰革堂
鞻,⿰革婁
鞿,⿰革幾
韂,⿰革詹
韆,⿰革遷
韈,⿰革蔑
韋,⿳𫝀口
韌,⿰韋刃
韍,⿰韋犮
韓,⿰龺韋
韗,⿰韋軍
韟,⿰韋皋
韥,⿰韋賣
韦,⿻⿱二
韧,⿰韦刃
韨,⿰韦犮
韩,⿰龺韦
韪,⿺是韦
韫,⿰韦昷
韬,⿰韦舀
韭,⿱非一
韮,⿱艹韭
韰,⿱𣦼韭
韱,⿹㦰韭
韲,⿳亠⿲
音,⿱立日
韴,⿰音帀
韵,⿰音匀
韶,⿰音召
韷,⿰音出
韺,⿰音英
韻,⿰音員
韼,⿰音逢
韽,⿰酓音
響,⿱鄉音
頁,⿱丆貝
頂,⿰丁頁
頃,⿰匕頁
項,⿰工頁
順,⿰川頁
須,⿰彡頁
頉,⿰止頁
頊,⿰𤣩頁
頋,⿰厄頁
頌,⿰公頁
頍,⿰支頁
頎,⿰斤頁
預,⿰予頁
頒,⿰分頁
頓,⿰屯頁
頗,⿰皮頁
領,⿰令頁
頜,⿰合頁
頞,⿰安頁
頠,⿰危頁
頤,⿰𦣞頁
頨,⿰羽頁
頫,⿰兆頁
頭,⿰豆頁
頰,⿰夾頁
頳,⿰赤頁
頵,⿰君頁
頷,⿰含頁
頹,⿰禿頁
頺,⿰秀頁
頻,⿰步頁
顀,⿰隹頁
顆,⿰果頁
題,⿺是頁
額,⿰客頁
顎,⿰咢頁
顏,⿰彥頁
顐,⿰軍頁
顑,⿰咸頁
顒,⿰禺頁
顓,⿰耑頁
顔,⿰彦頁
顕,⿰显頁
顗,⿰豈頁
願,⿰原頁
顛,⿰真頁
顝,⿰骨頁
類,⿰⿱米
顟,⿰翏頁
顣,⿰戚頁
顧,⿰雇頁
顨,⿱𩔊丌
顩,⿰僉頁
顪,⿰歲頁
顫,⿰亶頁
顬,⿰需頁
顯,⿰㬎頁
顱,⿰盧頁
顳,⿰聶頁
顴,⿰雚頁
页,⿱丆贝
顶,⿰丁页
顷,⿰匕页
顸,⿰干页
项,⿰工页
顺,⿰川页
须,⿰彡页
顼,⿰𤣩页
顽,⿰元页
顾,⿰厄页
顿,⿰屯页
颀,⿰斤页
颁,⿰分页
颂,⿰公页
颃,⿰亢页
预,⿰予页
颅,⿰卢页
领,⿰令页
颇,⿰皮页
颈,⿰𢀖页
颉,⿰吉页
颊,⿰夹页
颋,⿰廷页
颌,⿰合页
颍,⿰⿱匕
颎,⿰⿱匕
颏,⿰亥页
颐,⿰𦣞页
频,⿰步页
颓,⿰秃页
颔,⿰含页
颖,⿰⿱匕
颗,⿰果页
题,⿺是页
颙,⿰禺页
颚,⿰咢页
颛,⿰耑页
颜,⿰彦页
额,⿰客页
颞,⿰聂页
颟,⿰𬜯页
颠,⿰真页
颡,⿰桑页
颢,⿰景页
颤,⿰亶页
颥,⿰需页
颦,⿱频卑
颧,⿰雚页
風,⿵𠘨䖝
颩,⿺風彡
颱,⿺風台
颵,⿺風肖
颺,⿺風昜
颼,⿺風叟
飀,⿺風留
飆,⿰猋風
风,⿵𠘨㐅
飏,⿺风𠃓
飐,⿺风占
飑,⿺风包
飒,⿰立风
飓,⿺风具
飔,⿺风思
飕,⿺风叟
飖,⿰䍃风
飗,⿺风留
飘,⿰票风
飙,⿰猋风
飚,⿺风焱
飞,⿺⺄⿱
飢,⿰飠几
飥,⿰飠乇
飦,⿰飠干
飧,⿰夕食
飨,⿰乡食
飩,⿰飠屯
飪,⿰飠壬
飭,⿰飠𱐩
飮,⿰𩙿欠
飯,⿰飠反
飰,⿰飠卞
飲,⿰飠欠
飳,⿰飠主
飷,⿰飠且
飸,⿰号食
飺,⿱此食
飼,⿰飠司
飽,⿰飠包
飾,⿰飠⿱
餀,⿰飠艾
餁,⿰飠任
餂,⿰飠舌
餃,⿰飠交
餅,⿰飠并
餆,⿰飠兆
餇,⿰飠同
餈,⿱次食
餉,⿰飠向
養,⿱𦍌食
餌,⿰飠耳
餍,⿸厌食
餐,⿱𣦼食
餒,⿰飠妥
餓,⿰飠我
餔,⿰飠甫
餖,⿰飠豆
餗,⿰飠束
餘,⿰飠余
餚,⿰飠肴
餦,⿰飠長
館,⿰飠官
餬,⿰飠胡
餮,⿱殄食
餱,⿰飠侯
餵,⿰飠畏
餼,⿰飠氣
饅,⿰飠曼
饆,⿰飠畢
饋,⿰飠貴
饏,⿱敢食
饐,⿰飠壹
饑,⿰飠幾
饒,⿰飠堯
饔,⿱雍食
饕,⿱號食
饘,⿰飠亶
饜,⿸厭食
饝,⿰飠磨
饟,⿰飠襄
饡,⿰飠贊
饣,⿱⺈𠄌
饤,⿰饣丁
饥,⿰饣几
饧,⿰饣𠃓
饨,⿰饣屯
饩,⿰饣气
饪,⿰饣壬
饫,⿰饣夭
饬,⿰饣𱐩
饭,⿰饣反
饮,⿰饣欠
饯,⿰饣戋
饰,⿰饣⿱
饱,⿰饣包
饲,⿰饣司
饳,⿰饣出
饴,⿰饣台
饵,⿰饣耳
饶,⿰饣尧
饷,⿰饣向
饸,⿰饣合
饹,⿰饣各
饺,⿰饣交
饻,⿰饣衣
饼,⿰饣并
饽,⿰饣孛
饾,⿰饣豆
饿,⿰饣我
馀,⿰饣余
馁,⿰饣妥
馂,⿰饣夋
馃,⿰饣果
馄,⿰饣昆
馅,⿰饣臽
馆,⿰饣官
馇,⿰饣查
馈,⿰饣贵
馉,⿰饣骨
馊,⿰饣叟
馋,⿰饣𫥎
馍,⿰饣莫
馏,⿰饣留
馑,⿰饣堇
馒,⿰饣曼
馓,⿰饣散
馔,⿰饣巽
馕,⿰饣囊
首,⿱丷𦣻
馗,⿺九首
馘,⿰首或
香,⿱禾日
馥,⿰香复
馧,⿰香昷
馨,⿱殸香
馮,⿰冫馬
馳,⿰馬也
馴,⿰馬川
馻,⿰馬允
馿,⿰馬户
駃,⿰馬夬
駉,⿰馬冋
駋,⿰馬召
駐,⿰馬主
駕,⿱加馬
駚,⿰馬央
駛,⿰馬史
駜,⿰馬必
駝,⿰馬它
駞,⿰馬㐌
駡,⿱吅馬
駣,⿰馬兆
駥,⿰馬戎
駦,⿱龹馬
駨,⿰馬旬
駮,⿰馬交
駰,⿰馬因
駳,⿰馬延
駵,⿰馬丣
駶,⿰馬局
駷,⿰馬束
駸,⿰馬𠬶
駹,⿰馬尨
騁,⿰馬甹
騃,⿰馬矣
騄,⿰馬录
騇,⿰馬舍
騍,⿰馬果
騎,⿰馬奇
騔,⿰馬曷
騙,⿰馬扁
騛,⿰馬飛
騠,⿰馬是
騣,⿰馬㚇
騧,⿰馬咼
騫,⿱𡨄馬
騰,⿰月駦
騷,⿰馬蚤
騺,⿱執馬
騻,⿰馬爽
騼,⿰馬鹿
騽,⿰馬習
騾,⿰馬累
騿,⿰馬章
驀,⿱莫馬
驁,⿱敖馬
驂,⿰馬參
驄,⿰馬悤
驅,⿰馬區
驇,⿱埶馬
驊,⿰馬華
驌,⿰馬肅
驎,⿰馬粦
驑,⿰馬畱
驕,⿰馬喬
驖,⿰馬𢧜
驗,⿰馬僉
驘,⿱吂⿲
驙,⿰馬亶
驚,⿱敬馬
驛,⿰馬睪
驟,⿰馬聚
驡,⿱龍馬
驢,⿰馬盧
驥,⿰馬冀
驦,⿰馬霜
驩,⿰馬雚
驭,⿰马又
驮,⿰马大
驯,⿰马川
驰,⿰马也
驱,⿰马区
驳,⿰马爻
驴,⿰马户
驵,⿰马且
驶,⿰马史
驷,⿰马四
驸,⿰马付
驹,⿰马句
驺,⿰马刍
驻,⿰马主
驼,駝 |
驽,⿱奴马
驾,⿱加马
驿,⿰马𠬤
骀,⿰马台
骁,⿰马尧
骂,⿱吅马
骃,⿰马因
骄,⿰马乔
骅,⿰马华
骆,⿰马各
骇,⿰马亥
骈,⿰马并
骊,⿰马丽
骋,⿰马甹
验,⿰马佥
骍,⿰马辛
骎,⿰马𠬶
骏,⿰马夋
骐,⿰马其
骑,⿰马奇
骒,⿰马果
骓,⿰马隹
骕,⿰马肃
骖,⿰马参
骗,⿰马扁
骘,⿱陟马
骙,⿰马癸
骚,⿰马蚤
骛,⿰敄马
骜,⿱敖马
骝,⿰马留
骞,⿱𡨄马
骟,⿰马扇
骠,⿰马票
骡,⿰马累
骢,⿰马悤
骤,⿰马聚
骥,⿰马冀
骧,⿰马襄
骩,⿰骨九
骫,⿰骨丸
骯,⿰骨亢
骰,⿰骨殳
骱,⿰骨介
骳,⿰骨皮
骶,⿰骨氐
骷,⿰骨古
骸,⿰骨亥
骹,⿰骨交
骺,⿰骨后
骻,⿰骨夸
骼,⿰骨各
骾,⿰骨更
髀,⿰骨卑
髁,⿰骨果
髂,⿰骨客
髅,⿰骨娄
髆,⿰骨尃
髉,⿰骨隺
髋,⿰骨宽
髌,⿰骨宾
髏,⿰骨婁
髑,⿰骨蜀
髒,⿰骨葬
髓,⿰骨遀
體,⿰骨豊
髕,⿰骨賓
高,⿳亠口
髞,⿰高喿
髠,⿱髟几
髡,⿱髟兀
髣,⿱髟方
髤,⿱髟木
髥,⿱髟冄
髦,⿱髟毛
髧,⿱髟冘
髪,⿱髟友
髫,⿱髟召
髭,⿱髟此
髮,⿱髟犮
髯,⿱髟冉
髲,⿱髟皮
髳,⿱髟矛
髴,⿱髟弗
髹,⿱髟休
髻,⿱髟吉
髼,⿱髟夆
髽,⿱髟坐
髿,⿱髟沙
鬀,⿱髟弟
鬂,⿱髟兵
鬃,⿱髟宗
鬄,⿱髟易
鬅,⿱髟朋
鬆,⿱髟松
鬈,⿱髟卷
鬉,⿱髟㚇
鬋,⿱髟前
鬏,⿱髟秋
鬐,⿱髟耆
鬑,⿱髟兼
鬓,⿱髟宾
鬖,⿱髟參
鬘,⿱髟曼
鬙,⿱髟曾
鬚,⿱髟須
鬟,⿱髟睘
鬢,⿱髟賓
鬥,⿲𩰋王
鬧,⿵鬥市
鬯,⿱𠚍匕
鬱,⿳⿲木
鬲,⿱𠮛⿵
鬳,⿸虍鬲
鬶,⿱规鬲
鬸,⿰鬲留
鬻,⿱粥鬲
鬼,⿱甶⿺
鬽,⿺鬼彡
鬿,⿺鬼斤
魁,⿺鬼斗
魂,⿰云鬼
魃,⿺鬼犮
魄,⿰白鬼
魅,⿺鬼未
魆,⿺鬼戉
魇,⿸厌鬼
魈,⿺鬼肖
魉,⿺鬼两
魋,⿺鬼隹
魍,⿺鬼罔
魏,⿰委鬼
魑,⿺鬼离
魔,⿸麻鬼
魖,⿺鬼虛
魛,⿰魚刀
魜,⿰魚人
魟,⿰魚工
魣,⿰魚予
魫,⿰魚冘
魰,⿰魚文
魱,⿰魚互
魳,⿰魚帀
魵,⿰魚分
魸,⿰魚片
魺,⿰魚可
魾,⿰魚丕
鮀,⿰魚它
鮁,⿰魚犮
鮄,⿰魚弗
鮈,⿰魚句
鮊,⿰魚白
鮋,⿰魚由
鮌,⿰魚玄
鮍,⿰魚皮
鮝,⿱龹魚
鮟,⿰魚安
鮠,⿰魚危
鮡,⿰魚兆
鮣,⿰魚印
鮨,⿰魚旨
鮮,⿰魚羊
鮰,⿰魚回
鮻,⿰魚夋
鮼,⿰魚𠬶
鮾,⿰魚妥
鯀,⿰魚系
鯁,⿰魚更
鯂,⿰魚酉
鯅,⿰魚延
鯆,⿰魚甫
鯈,⿸攸魚
鯊,⿱沙魚
鯋,⿰魚沙
鯏,⿰魚利
鯐,⿰魚走
鯒,⿰魚甬
鯓,⿰魚身
鯕,⿰魚其
鯖,⿰魚青
鯗,⿳䒑夫
鯘,⿰魚委
鯙,⿰魚享
鯚,⿰魚季
鯛,⿰魚周
鯝,⿰魚固
鯡,⿰魚非
鯩,⿰魚侖
鯬,⿱𥝢魚
鯮,⿰魚宗
鯵,⿰魚参
鯶,⿰魚軍
鯽,⿰魚即
鰁,⿰魚泉
鰉,⿰魚皇
鰌,⿰魚酋
鰕,⿰魚叚
鰜,⿰魚兼
鰞,⿰魚烏
鰟,⿰魚旁
鰠,⿰魚蚤
鰡,⿰魚留
鰤,⿰魚師
鰧,⿰月鮝
鰨,⿰魚𦐇
鰪,⿰魚盍
鰫,⿰魚容
鰬,⿰魚虔
鰰,⿰魚神
鰲,⿱敖魚
鰵,⿱敏魚
鰷,⿰魚條
鰸,⿰魚區
鰹,⿰魚堅
鰻,⿰魚曼
鰽,⿰魚曹
鱂,⿰魚將
鱇,⿰魚康
鱉,⿱敝魚
鱌,⿰魚象
鱖,⿰魚厥
鱗,⿰魚粦
鱣,⿰魚亶
鱤,⿰魚感
鱥,⿰魚歲
鱧,⿰魚豊
鱮,⿰魚與
鱯,⿰魚蒦
鱵,⿰魚箴
鱺,⿰魚麗
鱻,⿱魚䲆
鱽,⿰鱼刀
鱾,⿰鱼己
鱿,⿰鱼尤
鲀,⿰鱼屯
鲁,⿱鱼日
鲂,⿰鱼方
鲃,⿰鱼巴
鲄,⿰鱼可
鲅,⿰鱼犮
鲆,⿰鱼平
鲇,⿰鱼占
鲈,⿰鱼卢
鲉,⿰鱼由
鲊,⿰鱼乍
鲋,⿰鱼付
鲌,⿰鱼白
鲍,⿰鱼包
鲎,⿱𰃮鱼
鲏,⿰鱼皮
鲐,⿰鱼台
鲑,⿰鱼圭
鲒,⿰鱼吉
鲓,⿰鱼考
鲔,⿰鱼有
鲕,⿰鱼而
鲗,⿰鱼则
鲙,⿰鱼会
鲚,⿰鱼齐
鲛,⿰鱼交
鲜,⿰鱼羊
鲝,⿱⺶鱼
鲞,⿱龹鱼
鲟,⿰鱼寻
鲠,⿰鱼更
鲡,⿰鱼丽
鲢,⿰鱼连
鲣,⿰鱼坚
鲤,⿰鱼里
鲥,⿰鱼时
鲦,⿰鱼条
鲧,⿰鱼系
鲨,⿱沙鱼
鲩,⿰鱼完
鲪,⿰鱼君
鲫,⿰鱼即
鲬,⿰鱼甬
鲭,⿰鱼青
鲮,⿰鱼夌
鲯,⿰鱼其
鲰,⿰鱼取
鲱,⿰鱼非
鲲,⿰鱼昆
鲳,⿰鱼昌
鲴,⿰鱼固
鲵,⿰鱼兒
鲶,⿰鱼念
鲷,⿰鱼周
鲸,⿰鱼京
鲹,⿰鱼参
鲼,⿰鱼贲
鲽,⿰鱼枼
鲾,⿰鱼畐
鲿,⿰鱼尝
鳀,⿰鱼是
鳁,⿰鱼昷
鳂,⿰鱼畏
鳃,⿰鱼思
鳄,⿰鱼咢
鳅,⿰鱼秋
鳆,⿰鱼复
鳇,⿰鱼皇
鳈,⿰鱼泉
鳉,⿰鱼将
鳊,⿰鱼扁
鳋,⿰鱼蚤
鳌,⿱敖鱼
鳍,⿰鱼耆
鳎,⿰鱼𦐇
鳏,⿰鱼眔
鳐,⿰鱼䍃
鳑,⿰鱼旁
鳒,⿰鱼兼
鳓,⿰鱼勒
鳔,⿰鱼票
鳕,⿰鱼雪
鳖,⿱敝鱼
鳗,⿰鱼曼
鳘,⿱敏鱼
鳙,⿰鱼庸
鳚,⿰鱼㷉
鳛,⿰鱼習
鳜,⿰鱼厥
鳝,⿰鱼善
鳞,⿰鱼粦
鳟,⿰鱼尊
鳠,⿰鱼蒦
鳡,⿰鱼感
鳢,⿰鱼豊
鳣,⿰鱼亶
鳤,⿰鱼管
鳩,⿰九鳥
鳪,⿰卜鳥
鳰,⿰入鳥
鳳,⿵𠘨𩾏
鳴,⿰口鳥
鳶,⿱弋鳥
鳷,⿰支鳥
鳾,⿰帀鳥
鳿,⿰𤣩鳥
鴂,⿰夬鳥
鴃,⿰鳥夬
鴉,⿰牙鳥
鴐,⿱加鳥
鴓,⿰必鳥
鴜,⿱此鳥
鴟,⿰氐鳥
鴢,⿰幼鳥
鴣,⿰古鳥
鴥,⿰鳥穴
鴦,⿱央鳥
鴧,⿰宂鳥
鴨,⿰甲鳥
鴪,⿰穴鳥
鴫,⿰田鳥
鴭,⿰𠂤鳥
鴮,⿰夸鳥
鴰,⿰舌鳥
鴱,⿰艾鳥
鴲,⿰旨鳥
鴳,⿰安鳥
鴴,⿰行鳥
鴵,⿰兆鳥
鴷,⿱列鳥
鴹,⿰羊鳥
鴺,⿰夷鳥
鴻,⿰江鳥
鴼,⿰鳥各
鴽,⿱如鳥
鴾,⿰牟鳥
鴿,⿰合鳥
鵀,⿱任鳥
鵁,⿰交鳥
鵂,⿰休鳥
鵄,⿰至鳥
鵋,⿰忌鳥
鵏,⿰甫鳥
鵝,⿰我鳥
鵟,⿱狂鳥
鵨,⿰舍鳥
鵬,⿰朋鳥
鵯,⿰卑鳥
鵰,⿰周鳥
鵲,⿰昔鳥
鵳,⿰肩鳥
鵼,⿰空鳥
鶃,⿰鳥兒
鶄,⿰青鳥
鶆,⿰來鳥
鶇,⿰東鳥
鶈,⿰妻鳥
鶊,⿰庚鳥
鶍,⿰易鳥
鶎,⿰宗鳥
鶐,⿰述鳥
鶒,⿰勅鳥
鶓,⿰苗鳥
鶕,⿰音鳥
鶗,⿺是鳥
鶚,⿰咢鳥
鶜,⿰茅鳥
鶝,⿰畐鳥
鶟,⿰突鳥
鶠,⿰匽鳥
鶡,⿰曷鳥
鶢,⿰爰鳥
鶩,⿰敄鳥
鶫,⿰柬鳥
鶲,⿰翁鳥
鶳,⿰鳥師
鶴,⿰隺鳥
鶸,⿰弱鳥
鷁,⿰益鳥
鷃,⿰晏鳥
鷇,⿰⿳士
鷉,⿰虒鳥
鷖,⿱殹鳥
鷘,⿱敕鳥
鷟,⿱族鳥
鷣,⿰覃鳥
鷥,⿱絲鳥
鷧,⿰壹鳥
鷩,⿱敝鳥
鷫,⿰肅鳥
鷭,⿰番鳥
鷱,⿰臯鳥
鷲,⿱就鳥
鷳,⿰閒鳥
鷴,⿰閑鳥
鷵,⿰屠鳥
鷷,⿰尊鳥
鷹,⿸䧹鳥
鷼,⿰間鳥
鷽,⿱𦥯鳥
鷿,⿱辟鳥
鸀,⿰蜀鳥
鸁,⿱吂⿲
鸂,⿰溪鳥
鸇,⿰亶鳥
鸊,⿰辟鳥
鸍,⿰爾鳥
鸓,⿰畾鳥
鸘,⿰霜鳥
鸠,⿰九鸟
鸡,⿰又鸟
鸢,⿱弋鸟
鸣,⿰口鸟
鸥,⿰区鸟
鸦,⿰牙鸟
鸧,⿰仓鸟
鸨,⿰𠤏鸟
鸩,⿰冘鸟
鸪,⿰古鸟
鸫,⿰东鸟
鸬,⿰卢鸟
鸭,⿰甲鸟
鸮,⿰号鸟
鸯,⿱央鸟
鸰,⿰令鸟
鸱,⿰氐鸟
鸲,⿰句鸟
鸳,⿱夗鸟
鸴,⿱𰃮鸟
鸵,⿰鸟它
鸶,⿱丝鸟
鸷,⿱执鸟
鸸,⿰而鸟
鸹,⿰舌鸟
鸺,⿰休鸟
鸻,⿰行鸟
鸼,⿰舟鸟
鸽,⿰合鸟
鸾,⿱𰁜鸟
鸿,⿰江鸟
鹀,⿰巫鸟
鹁,⿰孛鸟
鹂,⿰丽鸟
鹃,⿰肙鸟
鹄,⿰告鸟
鹅,⿰我鸟
鹆,⿰谷鸟
鹇,⿰闲鸟
鹈,⿰弟鸟
鹉,⿰武鸟
鹊,⿰昔鸟
鹋,⿰苗鸟
鹌,⿰奄鸟
鹍,⿰昆鸟
鹎,鵯 |
鹏,⿰朋鸟
鹐,⿰臽鸟
鹑,⿰享鸟
鹒,⿰庚鸟
鹓,⿰宛鸟
鹕,⿰胡鸟
鹖,⿰曷鸟
鹗,⿰咢鸟
鹘,⿰骨鸟
鹙,⿱秋鸟
鹚,⿰兹鸟
鹛,⿰眉鸟
鹜,⿰敄鸟
鹞,⿰䍃鸟
鹟,⿰翁鸟
鹠,⿰留鸟
鹣,⿰兼鸟
鹤,⿰隺鸟
鹦,⿰婴鸟
鹧,⿰庶鸟
鹨,⿰翏鸟
鹩,⿰尞鸟
鹪,⿰焦鸟
鹫,⿱就鸟
鹭,⿱路鸟
鹮,⿰睘鸟
鹯,⿰亶鸟
鹰,⿸䧹鸟
鹱,⿰鸟蒦
鹳,⿰雚鸟
鹹,⿰鹵咸
鹼,⿰鹵僉
鹽,⿱⿰臣
鹾,⿰卤差
麀,⿸鹿匕
麂,⿸鹿几
麃,⿸鹿灬
麄,⿱分鹿
麅,⿸鹿包
麆,⿸鹿且
麇,⿸鹿禾
麈,⿸鹿主
麉,⿱幵鹿
麊,⿱米鹿
麋,⿸鹿米
麎,⿸鹿辰
麏,⿸鹿君
麐,⿸鹿吝
麑,⿸鹿兒
麒,⿰鹿其
麓,⿱林鹿
麕,⿸鹿囷
麖,⿸鹿京
麗,⿱丽鹿
麚,⿸鹿叚
麜,⿸鹿栗
麝,⿸鹿射
麞,⿸鹿章
麟,⿰鹿粦
麡,⿸鹿齊
麣,⿰鹿嚴
麤,⿱鹿⿰
麥,⿱來夊
麦,⿱龶夂
麧,⿰麥乞
麨,⿰麥少
麩,⿰麥夫
麯,⿰麥曲
麰,⿰麥牟
麴,⿰麥匊
麵,⿰麥面
麸,⿰麦夫
麹,⿰麦匊
麻,⿸广林
麼,⿸麻幺
麽,⿸麻么
麾,⿸麻毛
麿,⿸麻吕
黃,⿱⿱廿
黄,⿳龷由
黇,⿰黄占
黉,⿱𰃮黄
黋,⿺光黃
黍,⿳禾𠆢
黎,⿱𥝢𱥯
黏,⿰黍占
黒,⿱里灬
黔,⿰黑今
默,⿰黑犬
黛,⿱代黑
黜,⿰黑出
黝,⿰黑幼
點,⿰黑占
黟,⿰黑多
黠,⿰黑吉
黡,⿸厌黑
黢,⿰黑夋
黥,⿰黑京
黧,⿱𥝢黑
黨,⿱𫩠黑
黩,⿰黑卖
黪,⿰黑参
黮,⿰黑甚
黯,⿰黑音
黴,⿰彳𪑛
黶,⿸厭黑
黹,⿱业㡀
黺,⿰黹分
黻,⿰黹犮
黼,⿰黹甫
黾,⿱口电
黿,⿱元黽
鼂,⿱旦黽
鼄,⿱朱黽
鼅,⿱知黽
鼇,⿱敖黽
鼈,⿱敝黽
鼉,⿳㽞一
鼊,⿱辟黽
鼋,⿱元黾
鼍,⿱嘼电
鼏,⿱冖鼎
鼐,⿱乃鼎
鼑,⿱⺊鼎
鼓,⿰壴支
鼖,⿱卉鼓
鼗,⿱兆鼓
鼘,⿱鼓𣶒
鼙,⿱鼓卑
鼜,⿱鼓蚤
鼞,⿱鼓堂
鼠,⿱臼⿲
鼢,⿰鼠分
鼤,⿰鼠文
鼥,⿰鼠犮
鼩,⿰鼠句
鼪,⿰鼠生
鼫,⿰鼠石
鼬,⿰鼠由
鼮,⿰鼠廷
鼯,⿰鼠吾
鼰,⿰鼠貝
鼱,⿰鼠青
鼶,⿰鼠虒
鼷,⿰鼠奚
鼹,⿰鼠晏
鼻,⿱自畀
鼾,⿰鼻干
齁,⿰鼻句
齄,⿰鼻查
齊,⿳亠⿲
齋,⿵齊小
齏,⿵齊韭
齐,⿱文⿰
齑,⿵齐韭
齗,⿰齒斤
齛,⿰齒世
齡,⿰齒令
齢,⿰歯令
齣,⿰齒句
齦,⿰齒艮
齧,⿱㓞齒
齮,⿰齒奇
齯,⿰齒兒
齰,⿰齒昔
齲,⿰齒禹
齸,⿰齒益
齺,⿰齒芻
齻,⿰齒真
齼,⿰齒楚
齽,⿰齒禁
齾,⿱獻齒
龀,⿰齿匕
龁,⿰齿乞
龂,⿰齿斤
龃,⿰齿且
龄,⿰齿令
龅,⿰齿包
龆,⿰齿召
龇,⿰齿此
龈,⿰齿艮
龉,⿰齿吾
龊,⿰齿足
龋,⿰齿禹
龌,⿰齿屋
龍,𦚏𠃑一
龎,⿸厂龍
龑,⿱龍天
龒,⿱龍示
龓,⿰有龍
龔,⿱龍共
龚,⿱龙共
龛,⿱合龙
龜,⿱⺈⿹
龝,⿰禾龜
龟,⿱⺈电
龠,⿳亼𠱠
龢,⿰龠禾
龤,⿰龠皆
龥,⿰龠頁
龱,⿴囗㐅
龵,⿻⿱丿
龷,⿱艹一
龸,⿱⺌冖
龹,⿱丷夫
龺,⿱十早
龻,⿲糹訁
秊,⿱禾千
裏,⿴衣里
𠀃,⿱冂一
𠀉,⿷⿱丿
𠀎,⿱井一
𠀐,⿱中一
𠀗,⿱龷丿
𠁣,⿰丨𫜹
𠁳,⿻山⿰
𠁼,⿱丶⿰
𠂈,⿰𠄌丿
𠂊,⿰丿㇇
𠂊,丿㇇,
𠂋,⿸𠂆一
𠂌,⿱丿𬺰
𠂎,⿱丿𠂈
𠂑,⿴𠂎丶
𠂔,⿹⿻⿱
𠂢,⿸𠂆⿱
𠂤,⿱丿㠯
𠂭,⿻㐅⿱
𠃓,⿹㇡⿰
𠃜,⿴尸丨
𠄠,⿱一一
𠅃,⿱亠从
𠇍,⿱𠆢㣺
𠓜,⿰入入
𠔿,⿵冂人
𠕁,⿵冂卄
𠖇,⿳冖日
𠘧,⿰丿㇍
𠚍,⿶凵𠂭
𠚣,⿹㇉丿
𠠴,⿰力力
𠤎,⿻乚丿
𠤏,⿱匕十
𠤕,⿱匕矢
𠦂,⿻十
𠦝,⿱十早
𠫓,⿻一厶
𠫔,⿱一厶
𠫤,⿱㐅厷
𠬝,⿸卩又
𠬤,⿱又𰀁
𠬶,⿳⺕冖
𠮛,⿱一口
𠮛,一口 
𠮠,⿱口勹
𠮥,⿱⺈口
𠮷,⿱土口
𠱠,⿲口口
𡈼,⿱丿土
𡗗,⿸⿻三
𡗜,⿻大丷
𡨄,⿳宀𠀎
𡨥,⿷完攵
𡩧,⿱宀珤
𡬠,⿰⿲𠄌
𡭔,⿻丨八
𡰪,⿸尸口
𡰯,⿸尸巾
𡳾,⿻凵乚
𡳾,凵乚,
𢀖,⿱ス工
𢆉,⿱丷干
𢆸,⿺𠃊𢆶
𢇁,⿱𢆶灬
𢇇,⿱𢆶丱
𢑑,⿱𫜹𫜹
𢖻,⿱心夂
𢛳,⿳⿱十
𢦏,⿽戈十
𢧜,⿹𢦏呈
𢼄,⿰户攵
𢼸,⿰𡵂攵
𢼸,𡵂攵 
𣎆,⿱吂⿰
𣎳,⿻十儿
𣏃,⿻木𫜹
𣥂,⿱𰍧丿
𣥖,⿰止止
𣦼,⿰歺又
𣪊,⿰⿳士
𣪠,⿰𨊥殳
𣫞,⿰⿻丵
𣬉,⿱囟比
𣶒,⿴⿰片
𤇾,⿱炏冖
𤔌,⿴𪺍工
𤔔,⿳爫龴
𤕻,⿰爿吾
𤰇,⿱𠀗用
𤴓,⿱一龰
𤴔,⿱乛止
𥁓,⿱右皿
𥁕,⿱囚皿
𥃭,⿱十目
𥃲,⿱目廾
𥄎,⿱目攴
𥝢,⿰禾𠚣
𥥪,⿱穴米
𦈢,⿻⿸午
𦉰,⿵冂䒑
𦍌,⿱䒑土
𦍌,䒑土 
𦍒,羍 |
𦐇,⿱日羽
𦔻,⿰耳口
𦘒,⿻肀一
𦚏,立月 
𦣞,⿷匚⿳
𦣻,⿱一自
𦥯,⿶⿱𦥑
𦬅,⿱艹口
𦭝,⿱艹罒
𧴪,⿱⺌貝
𧾷,⿱口止
𧾷,口止 
𨊥,⿱車凵
𨾴,⿱吅隹
𩐁,⿰歹韭
𩙿,⿱亼⿸
𩰋,⿰丨王
𩵋,⿳⺈田
𩾏,⿱一鳥
𪧷,⿱夕寸
𫂱,⿲丿米
𫇦,⿱艹冖
𫔭,⿵门开
𫜹,⿼コ一
𫠠,⿻一㇂
𫠠,一㇂,
𫠣,⿻⿻𠃋
𫠥,⿺𠃊丙
𫢉,⿱𠆢干
𫥎,⿱免⺀
𫧇,⿱匕匕
𫩏,⿴口丨
𫩠,⿱龸口
𬎿,⿱丷田
𬙙,⿱罒方
𬜯,⿱艹两
𬶀,⿰鱼刂
𭕆,⿱⺌贝
𭚧,⿰弓殳
𭠍,⿻丿𫠠
𭤨,⿰方𠂉
𭥍,⿱𠂉日
𭷔,⿱刀牛
𭻾,⿱𠂉疋
𮅕,⿳竹目
𰀂,⿾⺕,
𰀉,⿻一中
𰀠,⿰丨⿱
𰀡,⿲丨丨
𰀢,⿲丨丨
𰀪,⿱丿丿
𰁜,⿱亠⿲
𰃦,⿱丿冂
𰃮,⿱𭕄冖
𰆊,⿹𠃌丨
𰍧,⿰丿亅
𱁈,⿰乡隹
𱅑,⿱龹马
𱏻,⿵冂⿱
𱐩,⿱𠂉力
𱥯,⿱人氺
𱬹,⿱爫旧
𱼀,⿻夕丶
𲂻,⿰贝贝
