strokes,count,token,character,encoding,decomposable
),0120,909,⿶,),false
),0246,908,⿷,),false
),0930,906,⿴,),false
),1392,907,⿵,),false
),1432,911,⿹,),false
),2584,910,⿸,),false
),5276,913,⿻,),false
-,0393,2,㇀,-,false
----iv-,0170,182,言,4o,maybe
----iv-AT,0898,181,訁,4oAT,maybe
----iv-AS,0500,183,讠,4oAS,maybe
---i8,0128,156,耒,--m,maybe
--i,0358,129,干,j,maybe
--i-,0302,99,王,j-,
--i-A,0430,98,𤣩,j-A,maybe
--i-V,0226,100,龶,j-V,maybe
--i8,0222,61,未,-m,maybe
--i8X,0038,60,末,-mX,maybe
--iX,0062,142,于,jX,maybe
--iXX,0370,128,𰀁,jXX,
-5,0060,48,五,rc,true
-a,1499,95,大,q,maybe
livS,-000,112,门,\nS,true
livT,-000,109,門,\nT,false
lj-V,-000,136,䒑,hXV,true
-al,0229,72,犬,/v/,true
-i,3047,58,十,+,false
-i-,0515,139,工,r-,false
-i---i,0409,176,耳,r3l,maybe
-i---vljjj,0150,186,髟,r3d/3,
-i-A,1098,140,扌,jA,
-i-X,2956,146,土,t,false
-i8,3999,96,木,m,false
-i8V,0192,97,朩,mV,
-iX,0966,59,𬺰,-lX,
-ii,0744,133,卄,h,
-ii-iv--i,0330,160,革,h-o+,true
-iiT,0020,138,⻀,hT,false
-iiV,3004,135,艹,hV,false
-iilj-T,0034,259,亞,h8-T,true
-iv-iv,0238,251,臣,-lclv,
-iv-lj--il,0007,230,𭔰,-lv-\/--l\,
-ivi,0444,254,帀,-nL,maybe
-iviX,0042,253,巿,-nlX,maybe
-ivii-,0294,41,覀,-nll-,
-ivillll,0258,166,雨,-nl4,
-ivillllV,0242,167,⻗,-nl4,
-ivjv-,0494,46,西,-n/v-,
-j,1258,81,厂,r,
-j--vjl,0150,180,辰,r--va,
-jX,0772,82,𠂇,rX,
-jXX,1525,79,丆,rXX,false
-ji,0051,137,丌,rl,
-jiX,0461,134,廾,-jlX,false
-jivii,0210,193,而,rnll,true
-jjv--,0100,229,有,rg,true
-jv,0092,77,尢,rv,false
-jvjjjl,0217,71,豕,rv//a,
-jvjl,0310,252,戊,rv/l,
-jvjlT,0118,175,龍,rv/lT,
-jvjlS,0042,174,龙,rv/lS,true
-v,0265,122,匚,-v,
-v-iT,0379,171,車,-v-lT,maybe
-v-iiv,0008,244,𦣝,-v-llv,
-v-iS,0185,172,车,-v+S,
-v-v,0287,188,比,-v-v,
-vjl,1106,144,戈,-va,
-vjv,0060,78,兂,-vjv,maybe
-vl,0554,145,弋,-vl,
-vvl,0127,161,瓦,-vvl,
1,12001,1,一,-,
2,1021,26,二,=,
3,0749,33,三,3,
4,0022,42,四,o8X,true
5,0104,49,𫝀,lc,
7,0193,52,七,7,false
8,3037,53,八,8,false
9,0272,55,九,?,
?,0014,224,𭃂,?,
?,0029,147,㇯,?
V-,0766,17,乛,V-,
V-i,0841,20,𠃍,V-l,
V-i-,0145,25,㇍,V-l-,
V-i-X,0170,21,㇈,V-l-X,
V-iX,1069,18,𠃌,V-lX,
V-j,0537,13,㇇,Vr,
V-j-,0115,10,乙,Vr-,
V-l,0079,22,⺄,V-l,
Vi,0972,15,𠄌,Vl,
Vi-,0617,14,𠃊,Vl-,
Vi-X,1136,11,乚,Vl-X,
Vi-i,0689,19,㇉,Vl-l,
Vj-,1199,12,𠃋,Vj-,
Vj-j,0014,24,ㄣ,Vjr,
Vl,0135,16,㇂,Vl,
_,1664,912,⿺,_,false
_,16976,900,⿰,_,false
_,16976,902,⿰,_,false
__,0468,903,⿲,__,
a,2841,92,人,a,false
a--ilj-,0130,201,金,ajh,true
a--ilj-A,0810,202,釒,ajhA,true
a--ilj-AS,0542,203,钅,ajhAS,true
aV,0291,91,𠆢,aV,false
al,0431,233,亽,a\,true
alv--ijlAT,0360,154,飠,a\c-vaAT,true
alv--vjl,0090,155,食,a\c-va,true
i,6212,3,丨,l,false
i-,0450,127,⺊,f,false
i--vj,0100,250,北,l=7,maybe
i-a,0447,239,龰,fa,maybe
i-i-,0882,211,止,ff,maybe
i-i-viaT,0110,209,齒,ffuaT,true
i-i-viaS,0034,210,齿,ffuaS,true
i-iv-,0012,148,𣦵,flv-,
i-iv-,0160,225,占,fo,true
i-ivx-T,0046,153,鹵,fnx-T,true
i-vj-v,0418,191,虍,fvj-v,true
i8,0816,39,小,w,maybe
i8A,0607,169,忄,wA,maybe
i8j,0128,263,少,w/,true
iX,1358,4,亅,lX,false
ii,0748,30,刂,ll,maybe
iilj-,0224,217,业,ll\/-,maybe
iivjjv,0015,237,宅,lnsv,true
ij,0006,31,リ,l/,maybe
il,0115,126,卜,f,false
il-jl,0217,36,氺,l=a,maybe
ilj,0198,40,⺌,wXX,true
iv,2366,104,冂,n,false
iv-,8539,113,口,o,false
iv--,3171,130,日,b,maybe
iv---,1969,119,目,e,false
iv---8T,0482,120,贝,e8,true
iv---8T,0482,267,貝,e8T,true
iv---8T,0482,268,页,re8,true
iv---8T,0482,269,頁,re8T,true
iv---i-a,0092,219,是,b-fa,true
iv---v,0026,218,鼎,ev,true
iv--V,0004,131,⺜,bV,
iv--X,0576,132,曰,bX,
iv--i,0050,63,甲,bl,maybe
iv--iX,0142,62,申,blX,
iv--vv-v-i-,0003,258,𠁁,lv--vv-v-l-,
iv-X,0788,114,囗,oX,
iv-i-,1440,65,田,0,true
iv-i-X,0290,221,由,0X,
iv-i-l,1020,178,虫,od,
iv-iv--vT,0058,121,黽,obvT,true
iv-vi-v,0027,241,邑,ovfv,true
ivV,2199,106,冖,nV,false
ivi,1116,179,山,lu,
ivii-,0417,44,皿,nll-,maybe
ivii---,0066,66,囬,nll---,true
ivii-V,0524,45,罒,nll-V,
ivilj-iv--,0080,247,𭥴,lvl\/-b,
ivj,0370,70,犭,/v/A,false
ivjl,0184,37,水,lva,
ivlj--i-llll,0182,194,黑,nhtw\,
ivviv.g,0206,212,骨,nvn.g,true
j,8832,5,丿,/,false
j---i---,0264,158,非,/3l3,
j--i,0091,141,手,/j,true
j--i-,0128,234,生,f-l-,
j--ii-i-,0054,262,垂,/-h-l-,
j--v,0171,238,毛,f7,
j--vX,0094,157,气,f-vX,
j-V,1755,90,𠂉,fV,maybe
j-i-,0188,162,牛,f+,
j-i-,0274,163,𠂒,/-l-,
j-i-vjl,0100,235,我,/jva,true
j-ij-i,0098,205,竹,flfl,maybe
j-ij-iV,0734,204,𥫗,flflV,
j-ij-iiv---,0006,149,𥬥,/-ij-iiv3,
jV-i,0390,108,⺆,nX,
jV-i-,0314,111,几,/V-i-,
jV-j,0766,107,勹,9,
jV-jV,1161,105,⺈,9V,
jV-l,0254,110,𠘨,/V-l,
jVi-,0510,51,匕,/Vi-,
jVi-V,1282,64,儿,8X,
jX,0028,6,㇒,/X,
ji--v--,0124,207,𦥑,aA--v--,
ji-v,0082,75,片,/i-v,
ji-v--,0390,206,臼,aA-v--,maybe
jiA,1488,89,亻,aA,
jil,0028,35,𫶧,wX,maybe
jil---i-,0739,192,隹,aA=j-,
jiv---j,0073,208,身,/e/,maybe
jiv-xjvjvl,0008,243,𡕩,/iv-xjvjvl,
jj,0344,80,𠂆,//,false
jj-i,0306,249,斤,//-i,maybe
jji-ll,0104,227,瓜,//d\,true
jjj,0285,32,彡,/3,
jjv--,0314,231,𠔾,/g,true
jl,0104,93,入,/\,
jlljvjjA,0108,74,豸,/\\/v//A,
jlllV,0677,43,灬,w\V,
jv--,1630,115,月,g,maybe
jv--A,0261,116,⺝,gA,
jv--ijl,0003,242,𥘈,/vj/\,
jv-v,0120,187,氏,/v-v,
jvaa,0027,117,肉,/vaa,true
jviv-i--T,0710,196,魚,9u-T,
jviv-i--S,0254,195,鱼,9u-S,
jviv-jv,0124,245,免,9o8X,
jvjjjl,0072,73,𧰨,/v3l,
jvjlV,0319,143,𧘇,/vaV,true
jvl,0654,54,夕,9\,
jvlX,0616,56,夂,9\X,
jvlXX,0059,57,夊,9\XX,
jvll,0759,168,心,8X\\,
jvllA,0145,118,⺼,gA,
jvlv-S,0194,199,鸟,/vlv-S,maybe
jvlv-T,0493,200,鳥,/vlv-T,
jvvi-v,0034,240,色,9vl-v,true
jvvl,0066,232,及,/v4,true
jvvlA,0368,152,殳,/v4A,true
jvvljv--,0003,150,𦙍,/vdg,true
l,5276,7,丶,\,false
l-A,0810,28,冫,=A,
l-V,2279,50,亠,=V,false
l-jl-,0568,164,疒,=/=,
l-jv,0592,159,方,=/v,
l-jvii-vjvj,0226,248,鹿,lrvii-vjvj,true
lX,0595,8,乀,\X,
lXX,0423,9,㇏,\XX,
livS,112,门,\n,maybe,
lj-V,136,䒑,h,false,
ljV,1971,29,丷,8V,false
ljjl,0931,47,火,8a,
ll,0912,27,⺀,\\,
ll-A,1668,34,氵,3A,true
lljV,0484,38,𭕄,wV,
lv,0948,177,辶,\v,
lv-j,0132,84,戶,\cj,
lvil,0256,184,示,/vl\,
lvilA,0257,185,礻,/vl\A,
v-,1978,123,コ,c,false
v--,0143,68,⺕,c-,
v----i,0098,165,聿,c3l,true
v--lji8S,0014,246,肃,c+/l8S,
v--vjl,0188,151,艮,c-va,
v-X,0082,216,ユ,cX,
v-j,0643,83,尸,cj,
v?,0133,23,㇡,v?,
vi,1105,67,凵,u,
vi-j,0192,76,爿,vlr,
viA,0140,214,卩,vlA,
viX,0590,87,了,vlX,
viXX,0256,88,𠄐,vlXX,
vj,0463,86,刀,vj,false
vj-,0497,69,女,vj-,
vjX,0470,85,力,v/X,false
vjii-,0032,260,丱,vjii-,maybe
vjivl,0178,236,皮,vji4,
vjl,0100,220,刃,vjl,true
vjlT,0022,170,飛,vaT,
vl,0033,215,ス,vl,
vl,1900,125,厶,d,false
vl-i-,0034,264,𢀖,vl-i-,
vlA,0174,173,廴,4A,
vlV,-000,124,龴,dV,false
vlX,1296,103,又,4,
vlivli,0584,190,羽,vlivli,
vljil,0040,228,𠫝,vljil,
vljjlV,0168,94,癶,vljaV,
vv-T,0399,197,馬,vv-T,
vv-i,0003,223,毋,vv+,
vv-S,0150,198,马,vv-S,
vvi,0830,213,阝,vvi,
vvl-l,0099,222,母,vvl-l,true
vvljllA,0776,189,糹,vdwAT,true
vvljllAS,0351,261,纟,vdwAS,maybe
vvlvvl,0182,226,𢆶,vvlvvl,
x,1008,101,乂,x,false
xX,0505,102,㐅,xX,false
|,25972,904,⿱,|,false
||,1383,905,⿳,||,false
vvl,-000,265,幺,vd,true
jvv--,-000,266,刍,9c-,true
